{"stats":{"minecraft:dropped":{"tombstone:grave_key":1,"tombstone:grave_dust":2,"luminousworld:clovers_1":1,"minecraft:rotten_flesh":3,"sophisticatedbackpacks:backpack":1,"luminousworld:grassflowers":2},"minecraft:crafted":{"minecraft:wooden_sword":1,"minecraft:oak_door":3,"minecraft:smooth_stone":8,"minecraft:oak_planks":72,"quark:birch_chest":3,"minecraft:furnace":2,"minecraft:stone":8,"minecraft:bone_meal":12,"minecraft:cooked_mutton":3,"minecraft:flint_and_steel":2,"minecraft:glass":23,"stalwart_dungeons:golden_hammer":1,"minecraft:iron_boots":1,"stalwart_dungeons:wooden_hammer":1,"sophisticatedbackpacks:copper_backpack":1,"minecraft:iron_axe":1,"minecraft:stone_pickaxe":2,"stalwart_dungeons:iron_hammer":1,"minecraft:dried_kelp_block":11,"torchmaster:megatorch":1,"minecraft:cooked_beef":8,"minecraft:wooden_shovel":1,"sophisticatedbackpacks:backpack":1,"minecraft:crafting_table":6,"minecraft:dried_kelp":106,"minecraft:wooden_pickaxe":1,"minecraft:iron_helmet":1,"minecraft:copper_ingot":14,"minecraft:gold_block":2,"minecraft:bucket":1,"minecraft:birch_planks":88,"minecraft:stone_axe":1,"minecraft:bread":1,"minecraft:air":0,"minecraft:iron_chestplate":1,"minecraft:shield":1,"minecraft:stick":52,"quark:oak_chest":2,"minecraft:iron_ingot":102,"minecraft:iron_pickaxe":3,"minecraft:wooden_axe":1,"minecraft:iron_block":6,"minecraft:stone_sword":1,"minecraft:gold_ingot":31,"minecraft:iron_shovel":1,"minecraft:iron_leggings":1,"minecraft:white_bed":1,"stalwart_dungeons:stone_hammer":1,"minecraft:torch":72},"minecraft:mined":{"minecraft:tuff":19,"luminousworld:yellowpetunias":4,"iceandfire:silver_ore":2,"luminousworld:grassvariant_4":28,"minecraft:deepslate_diamond_ore":15,"minecraft:oak_door":1,"minecraft:granite":27,"minecraft:grass_block":88,"luminousworld:clovers_4":4,"luminousworld:grassvariant_2":24,"luminousworld:clovers_2":2,"luminousworld:decorative_brown_mushroom_1":2,"ecologics:coconut_log":13,"minecraft:kelp":1,"minecraft:furnace":3,"luminousworld:yellow_grassflowers":1,"supplementaries:ash":45,"minecraft:iron_ore":41,"minecraft:fire":9,"minecraft:andesite":45,"minecraft:deepslate_lapis_ore":4,"minecraft:deepslate_iron_ore":29,"luminousworld:clovers_3":4,"minecraft:stone":410,"luminousworld:decorative_brown_2":1,"luminousworld:soft_birch_log":8,"minecraft:kelp_plant":10,"minecraft:lily_of_the_valley":1,"born_in_chaos_v1:infected_deepslate_diamond_ore":1,"minecraft:clay":1,"minecraft:crafting_table":2,"minecraft:torch":4,"minecraft:blast_furnace":1,"luminousworld:grassflowers":1,"minecraft:cobblestone":36,"minecraft:deepslate_gold_ore":22,"minecraft:oak_planks":5,"minecraft:sugar_cane":1,"minecraft:diorite":19,"minecraft:wall_torch":2,"supplementaries:urn":1,"luminousworld:clovers_1":3,"minecraft:birch_log":150,"minecraft:birch_leaves":5,"minecraft:grass":17,"minecraft:oak_log":18,"minecraft:coal_ore":62,"luminousworld:clovers_5":6,"luminousworld:ishstone":22,"minecraft:gravel":25,"minecraft:dirt":11,"minecraft:sand":42,"luminousworld:grassvariant_3":15,"minecraft:gold_ore":6,"minecraft:deepslate":362,"minecraft:oak_leaves":18},"minecraft:killed_by":{"minecraft:creeper":1,"born_in_chaos_v1:corpse_fly":1,"minecraft:bee":1,"minecraft:skeleton":1,"earthmobsmod:lobber_zombie":1,"enemyexpansion:direwolf":1,"born_in_chaos_v1:door_knight":2},"minecraft:used":{"quark:birch_chest":2,"stalwart_dungeons:iron_hammer":246,"minecraft:stone_sword":113,"minecraft:iron_shovel":137,"minecraft:flint_and_steel":128,"minecraft:shield":5,"minecraft:wooden_shovel":60,"minecraft:rotten_flesh":4,"minecraft:oak_door":3,"minecraft:torch":45,"minecraft:dirt":56,"minecraft:tuff":11,"minecraft:granite":8,"minecraft:iron_hoe":13,"born_in_chaos_v1:corpse_maggot":5,"minecraft:wooden_axe":35,"minecraft:iron_axe":151,"minecraft:oak_sapling":3,"minecraft:furnace":5,"torchmaster:megatorch":1,"tombstone:gift":6,"minecraft:cooked_beef":8,"minecraft:cobbled_deepslate":31,"luminousworld:clovers_1":1,"minecraft:wheat_seeds":13,"minecraft:cooked_mutton":3,"minecraft:water_bucket":57,"minecraft:diorite":14,"stalwart_dungeons:wooden_hammer":52,"minecraft:stone_pickaxe":274,"minecraft:wooden_pickaxe":59,"minecraft:sugar_cane":4,"luminousworld:ishstone":7,"luminousworld:groundpebbles_1":2,"minecraft:salmon":1,"minecraft:sand":8,"minecraft:crafting_table":8,"minecraft:blast_furnace":1,"minecraft:white_bed":1,"stalwart_dungeons:golden_hammer":17,"born_in_chaos_v1:monster_flesh":1,"minecraft:bread":1,"minecraft:iron_pickaxe":370,"minecraft:stone_axe":54,"minecraft:gravel":6,"stalwart_dungeons:stone_hammer":131,"minecraft:wooden_sword":46,"minecraft:cobblestone":218,"ecologics:coconut_log":1,"minecraft:andesite":5,"minecraft:bucket":58,"minecraft:birch_log":11,"quark:oak_chest":2,"alexsmobs:animal_dictionary":1,"minecraft:bone_meal":12},"minecraft:broken":{"minecraft:wooden_shovel":1,"stalwart_dungeons:stone_hammer":1,"minecraft:flint_and_steel":2,"minecraft:wooden_pickaxe":1,"minecraft:stone_pickaxe":2,"minecraft:iron_pickaxe":1},"minecraft:picked_up":{"luminousworld:groundpebbles_1":16,"minecraft:crafting_table":2,"born_in_chaos_v1:diamond_termite_shard":3,"minecraft:wheat":4,"luminousworld:decorative_brown_2":5,"minecraft:clay_ball":4,"minecraft:brown_mushroom":7,"tombstone:grave_key":1,"minecraft:string":5,"minecraft:raw_copper":14,"minecraft:cobbled_deepslate":429,"minecraft:beef":7,"minecraft:sugar_cane":4,"minecraft:birch_sapling":23,"minecraft:iron_boots":1,"minecraft:furnace":3,"minecraft:stick":27,"minecraft:raw_iron":70,"minecraft:oak_door":1,"ecologics:coconut_slice":2,"minecraft:torch":6,"ecologics:coconut_seedling":1,"sophisticatedbackpacks:backpack":1,"tombstone:grave_dust":2,"minecraft:diorite":19,"born_in_chaos_v1:pieceofdarkmetal":1,"luminousworld:grassflowers":6,"luminousworld:decorative_brown_mushroom_1":12,"minecraft:rotten_flesh":15,"luminousworld:yellow_grassflowers":2,"luminousworld:soft_birch_log":8,"ecologics:coconut_log":12,"supplementaries:ash":226,"minecraft:mutton":3,"minecraft:white_wool":3,"minecraft:cobblestone":542,"minecraft:birch_log":149,"born_in_chaos_v1:corpse_maggot":6,"born_in_chaos_v1:monster_flesh":1,"minecraft:andesite":45,"minecraft:salmon":1,"luminousworld:ishstone":22,"minecraft:leather":7,"minecraft:flint":4,"minecraft:tuff":19,"minecraft:oak_log":18,"minecraft:lapis_lazuli":34,"minecraft:dirt":99,"minecraft:bone":3,"minecraft:kelp":106,"minecraft:wheat_seeds":13,"minecraft:raw_gold":59,"minecraft:iron_ingot":2,"minecraft:glass_bottle":1,"luminousworld:white_petunias":4,"minecraft:oak_planks":5,"luminousworld:clovers_1":66,"minecraft:gravel":19,"minecraft:sand":31,"minecraft:blast_furnace":1,"minecraft:grass_block":1,"minecraft:lily_of_the_valley":6,"minecraft:barrel":2,"minecraft:iron_hoe":2,"minecraft:sugar":14,"minecraft:diamond":15,"luminousworld:yellowpetunias":5,"minecraft:granite":27,"tombstone:magic_scroll":1,"minecraft:oak_sapling":3,"minecraft:coal":76,"iceandfire:raw_silver":2},"minecraft:killed":{"minecraft:spider":2,"enemyexpansion:direwolf":2,"born_in_chaos_v1:zombie_bruiser":2,"born_in_chaos_v1:maggot":7,"minecraft:skeleton":1,"enemyexpansion:goblin":1,"artifacts:mimic":1,"luminousworld:spring_azure":1,"born_in_chaos_v1:diamond_termite":3,"born_in_chaos_v1:baby_skeleton":1,"undead_revamp2:the_moonflower":1,"earthmobsmod:lobber_zombie":2,"minecraft:sheep":3,"born_in_chaos_v1:zombie_fisherman":1,"undead_revamp2:thesomnolence":1,"minecraft:zombie":5,"born_in_chaos_v1:dread_hound":1,"born_in_chaos_v1:corpse_fly":3,"minecraft:enderman":1,"enemyexpansion:wasp":1,"minecraft:cow":5},"minecraft:custom":{"minecraft:mob_kills":46,"minecraft:interact_with_crafting_table":58,"minecraft:open_barrel":1,"minecraft:damage_dealt_resisted":22,"minecraft:leave_game":2,"minecraft:time_since_death":4196,"minecraft:sprint_one_cm":187839,"minecraft:walk_one_cm":441036,"minecraft:damage_blocked_by_shield":110,"minecraft:drop":9,"minecraft:play_time":331993,"minecraft:deaths":16,"minecraft:sneak_time":565,"minecraft:walk_under_water_one_cm":38649,"minecraft:jump":2704,"minecraft:interact_with_blast_furnace":33,"minecraft:walk_on_water_one_cm":33783,"minecraft:total_world_time":331993,"minecraft:interact_with_furnace":44,"minecraft:sleep_in_bed":8,"minecraft:time_since_rest":4153,"minecraft:damage_taken":4963,"minecraft:damage_dealt":8210,"minecraft:swim_one_cm":31296,"minecraft:fly_one_cm":268171,"minecraft:crouch_one_cm":807,"minecraft:open_chest":107,"tombstone:undead_killed":13,"minecraft:fall_one_cm":40044}},"DataVersion":3465}