{"stats":{"minecraft:killed":{"minecraft:spider":2,"minecraft:skeleton":1,"artifacts:mimic":1,"born_in_chaos_v1:diamond_termite":3,"earthmobsmod:lobber_zombie":2,"minecraft:sheep":3,"born_in_chaos_v1:zombie_fisherman":1,"minecraft:zombie":5,"born_in_chaos_v1:dread_hound":1,"born_in_chaos_v1:corpse_fly":3,"minecraft:cow":5,"enemyexpansion:wasp":1,"enemyexpansion:direwolf":2,"naturalist:duck":1,"born_in_chaos_v1:zombie_bruiser":2,"born_in_chaos_v1:maggot":7,"enemyexpansion:goblin":1,"luminousworld:spring_azure":1,"born_in_chaos_v1:baby_skeleton":1,"undead_revamp2:the_moonflower":1,"undead_revamp2:thesomnolence":1,"ecologics:squirrel":1,"minecraft:enderman":1},"minecraft:picked_up":{"minecraft:wheat":4,"tombstone:grave_key":1,"minecraft:amethyst_block":15,"minecraft:string":7,"minecraft:raw_copper":14,"minecraft:cobbled_deepslate":1437,"minecraft:calcite":25,"minecraft:melon_slice":67,"minecraft:iron_boots":1,"minecraft:furnace":3,"minecraft:stick":27,"ecologics:coconut_seedling":1,"minecraft:torch":10,"tombstone:grave_dust":2,"minecraft:diorite":38,"luminousworld:grassflowers":6,"luminousworld:soft_birch_log":8,"minecraft:rotten_flesh":16,"luminousworld:yellow_grassflowers":2,"ecologics:coconut_log":12,"supplementaries:ash":226,"minecraft:cobblestone":640,"minecraft:birch_log":162,"minecraft:jungle_log":1,"minecraft:andesite":108,"minecraft:flint":4,"minecraft:tuff":77,"create:raw_zinc":1,"minecraft:dirt":112,"minecraft:lapis_lazuli":34,"minecraft:bone":3,"minecraft:wheat_seeds":15,"minecraft:raw_gold":59,"minecraft:bamboo":24,"minecraft:oak_planks":5,"luminousworld:creepberries":1,"minecraft:sand":33,"minecraft:lily_of_the_valley":6,"minecraft:grass_block":1,"naturalist:duck_egg":2,"minecraft:barrel":2,"quark:jasper":17,"minecraft:iron_hoe":2,"minecraft:sugar":14,"minecraft:diamond":26,"luminousworld:yellowpetunias":5,"minecraft:granite":44,"minecraft:oak_sapling":6,"minecraft:netherrack":1,"iceandfire:raw_silver":4,"minecraft:coarse_dirt":2,"luminousworld:groundpebbles_1":16,"born_in_chaos_v1:diamond_termite_shard":3,"minecraft:crafting_table":2,"luminousworld:decorative_brown_2":5,"minecraft:clay_ball":4,"minecraft:brown_mushroom":7,"minecraft:gold_block":2,"minecraft:birch_fence":2,"minecraft:beef":7,"minecraft:sugar_cane":4,"minecraft:birch_sapling":23,"minecraft:raw_iron":97,"minecraft:sandstone":3,"naturalist:duck":1,"quark:green_corundum_cluster":3,"minecraft:oak_door":1,"ecologics:coconut_slice":4,"sophisticatedbackpacks:backpack":1,"born_in_chaos_v1:pieceofdarkmetal":1,"minecraft:redstone":13,"luminousworld:decorative_brown_mushroom_1":12,"minecraft:mutton":3,"minecraft:skeleton_skull":1,"minecraft:white_wool":3,"born_in_chaos_v1:corpse_maggot":6,"born_in_chaos_v1:monster_flesh":1,"minecraft:salmon":1,"luminousworld:ishstone":22,"minecraft:leather":7,"minecraft:red_mushroom":2,"minecraft:oak_log":18,"minecraft:kelp":106,"minecraft:iron_ingot":2,"minecraft:glass_bottle":1,"luminousworld:white_petunias":4,"minecraft:smooth_basalt":49,"luminousworld:clovers_1":66,"minecraft:birch_boat":2,"minecraft:gravel":30,"minecraft:amethyst_shard":4,"minecraft:blast_furnace":1,"quark:green_corundum":1,"tombstone:magic_scroll":1,"minecraft:coal":77},"minecraft:killed_by":{"minecraft:creeper":1,"born_in_chaos_v1:corpse_fly":1,"iceandfire:fire_dragon":1,"luminousworld:dark_oak_skeleton":1,"undead_revamp2:thespitter":1,"minecraft:bee":1,"minecraft:skeleton":2,"earthmobsmod:lobber_zombie":1,"enemyexpansion:direwolf":1,"born_in_chaos_v1:door_knight":2},"minecraft:mined":{"minecraft:large_amethyst_bud":1,"luminousworld:yellowpetunias":4,"minecraft:granite":44,"minecraft:budding_amethyst":1,"minecraft:grass_block":98,"quark:green_corundum_cluster":1,"minecraft:jungle_log":1,"supplementaries:ash":45,"minecraft:iron_ore":57,"minecraft:cobbled_deepslate":3,"minecraft:fire":10,"minecraft:deepslate_lapis_ore":4,"minecraft:small_amethyst_bud":2,"luminousworld:decorative_brown_2":1,"luminousworld:creepbush":1,"minecraft:deepslate_redstone_ore":6,"minecraft:kelp_plant":10,"minecraft:medium_amethyst_bud":2,"minecraft:amethyst_cluster":1,"minecraft:clay":1,"born_in_chaos_v1:infected_deepslate_diamond_ore":1,"minecraft:torch":6,"minecraft:blast_furnace":1,"minecraft:calcite":25,"minecraft:melon":12,"minecraft:cobblestone":37,"minecraft:sugar_cane":1,"minecraft:oak_planks":5,"minecraft:wall_torch":2,"minecraft:amethyst_block":15,"minecraft:skeleton_skull":1,"luminousworld:clovers_1":3,"minecraft:birch_log":163,"minecraft:grass":21,"minecraft:oak_log":18,"minecraft:sand":44,"minecraft:dirt":13,"luminousworld:grassvariant_3":15,"minecraft:smooth_basalt":49,"minecraft:red_mushroom_block":3,"minecraft:netherrack":2,"minecraft:oak_leaves":38,"minecraft:deepslate":1408,"create:zinc_ore":1,"minecraft:diamond_ore":4,"minecraft:tuff":90,"iceandfire:silver_ore":5,"minecraft:deepslate_diamond_ore":22,"luminousworld:grassvariant_4":28,"minecraft:oak_door":1,"luminousworld:clovers_4":4,"luminousworld:grassvariant_2":24,"luminousworld:clovers_2":2,"luminousworld:decorative_brown_mushroom_1":2,"ecologics:coconut_log":13,"minecraft:kelp":1,"minecraft:sandstone":3,"quark:jasper":19,"minecraft:furnace":3,"luminousworld:yellow_grassflowers":1,"minecraft:andesite":108,"minecraft:gold_block":2,"minecraft:deepslate_iron_ore":41,"minecraft:vine":1,"minecraft:bamboo_sapling":5,"minecraft:bamboo":2,"luminousworld:clovers_3":4,"minecraft:stone":509,"minecraft:podzol":1,"luminousworld:soft_birch_log":8,"minecraft:lily_of_the_valley":1,"minecraft:crafting_table":2,"luminousworld:grassflowers":1,"minecraft:deepslate_gold_ore":22,"minecraft:diorite":38,"supplementaries:urn":1,"minecraft:coarse_dirt":2,"minecraft:birch_leaves":9,"quark:green_corundum":1,"minecraft:coal_ore":64,"luminousworld:clovers_5":6,"luminousworld:ishstone":22,"minecraft:gravel":36,"minecraft:gold_ore":6,"minecraft:birch_fence":2,"minecraft:fern":2},"minecraft:used":{"stalwart_dungeons:iron_hammer":246,"minecraft:iron_shovel":137,"minecraft:shield":6,"minecraft:rotten_flesh":4,"minecraft:jungle_planks":4,"minecraft:tuff":30,"born_in_chaos_v1:corpse_maggot":5,"minecraft:lava_bucket":1,"minecraft:furnace":5,"minecraft:oak_sapling":5,"luminousworld:clovers_1":1,"minecraft:diorite":26,"stalwart_dungeons:wooden_hammer":52,"minecraft:stone_pickaxe":274,"minecraft:wooden_pickaxe":59,"minecraft:sandstone":3,"luminousworld:groundpebbles_1":2,"minecraft:diamond_axe":12,"minecraft:sugar_cane":4,"naturalist:duck_egg":2,"minecraft:sand":8,"minecraft:blast_furnace":1,"minecraft:birch_fence":71,"luminousworld:creepberries":1,"minecraft:birch_fence_gate":1,"born_in_chaos_v1:monster_flesh":1,"minecraft:bread":1,"minecraft:melon_slice":57,"minecraft:gravel":18,"ecologics:coconut_slice":2,"minecraft:diamond_sword":16,"minecraft:wooden_sword":46,"minecraft:birch_log":11,"minecraft:andesite":5,"minecraft:coarse_dirt":2,"minecraft:bone_meal":12,"quark:birch_chest":2,"minecraft:stone_sword":113,"minecraft:flint_and_steel":128,"minecraft:wooden_shovel":60,"minecraft:oak_door":3,"minecraft:torch":57,"minecraft:dirt":69,"minecraft:granite":25,"minecraft:iron_hoe":13,"minecraft:wooden_axe":35,"minecraft:iron_axe":156,"minecraft:bamboo":18,"tombstone:gift":8,"torchmaster:megatorch":1,"minecraft:cooked_beef":8,"minecraft:cobbled_deepslate":111,"minecraft:wheat_seeds":13,"minecraft:cooked_mutton":3,"minecraft:water_bucket":88,"minecraft:birch_planks":19,"minecraft:birch_boat":2,"luminousworld:ishstone":7,"minecraft:salmon":1,"minecraft:crafting_table":8,"minecraft:white_bed":1,"stalwart_dungeons:golden_hammer":17,"minecraft:diamond_pickaxe":158,"minecraft:iron_pickaxe":595,"tombstone:magic_scroll":14,"minecraft:stone_axe":54,"stalwart_dungeons:stone_hammer":131,"minecraft:cobblestone":296,"vanillaplustools:iron_hammer":130,"ecologics:coconut_log":1,"minecraft:bucket":91,"quark:oak_chest":2,"alexsmobs:animal_dictionary":1},"minecraft:broken":{"minecraft:wooden_shovel":1,"stalwart_dungeons:stone_hammer":1,"minecraft:stone_pickaxe":2,"minecraft:flint_and_steel":2,"minecraft:wooden_pickaxe":1,"minecraft:iron_pickaxe":1},"minecraft:dropped":{"minecraft:red_mushroom":2,"luminousworld:clovers_1":1,"minecraft:rotten_flesh":4,"luminousworld:grassflowers":2,"ecologics:coconut_husk":2,"tombstone:grave_key":1,"minecraft:wooden_axe":1,"tombstone:grave_dust":2,"sophisticatedbackpacks:backpack":1},"minecraft:crafted":{"minecraft:smooth_stone":8,"minecraft:oak_planks":72,"quark:birch_chest":3,"minecraft:birch_boat":1,"minecraft:stone":8,"minecraft:cooked_mutton":3,"minecraft:glass":23,"vanillaplustools:iron_hammer":2,"sophisticatedbackpacks:copper_backpack":1,"stalwart_dungeons:wooden_hammer":1,"minecraft:iron_boots":1,"stalwart_dungeons:golden_hammer":1,"minecraft:birch_fence_gate":1,"stalwart_dungeons:iron_hammer":1,"minecraft:dried_kelp_block":11,"torchmaster:megatorch":1,"minecraft:wooden_shovel":1,"sophisticatedbackpacks:backpack":1,"minecraft:diamond_axe":1,"minecraft:crafting_table":6,"minecraft:iron_helmet":1,"minecraft:wooden_pickaxe":1,"minecraft:copper_ingot":14,"minecraft:gold_block":2,"minecraft:birch_planks":312,"minecraft:iron_chestplate":1,"minecraft:diamond_pickaxe":1,"minecraft:shield":1,"minecraft:birch_fence":75,"minecraft:stick":156,"quark:oak_chest":2,"minecraft:iron_ingot":139,"minecraft:iron_pickaxe":22,"minecraft:iron_block":6,"minecraft:stone_sword":1,"minecraft:gold_ingot":31,"minecraft:wooden_sword":1,"minecraft:oak_door":3,"minecraft:furnace":2,"minecraft:bone_meal":12,"minecraft:flint_and_steel":2,"minecraft:iron_axe":1,"minecraft:stone_pickaxe":2,"minecraft:cooked_beef":8,"minecraft:diamond_sword":1,"minecraft:dried_kelp":106,"minecraft:bucket":2,"minecraft:stone_axe":1,"minecraft:bread":1,"minecraft:air":0,"minecraft:jungle_planks":4,"minecraft:wooden_axe":1,"minecraft:iron_shovel":1,"minecraft:iron_leggings":1,"minecraft:white_bed":1,"stalwart_dungeons:stone_hammer":1,"minecraft:torch":88},"minecraft:custom":{"minecraft:interact_with_crafting_table":74,"minecraft:open_barrel":1,"minecraft:leave_game":5,"minecraft:time_since_death":34521,"minecraft:sprint_one_cm":531280,"minecraft:damage_blocked_by_shield":150,"minecraft:drop":15,"minecraft:play_time":479234,"minecraft:deaths":23,"minecraft:jump":5644,"minecraft:walk_on_water_one_cm":83646,"minecraft:interact_with_furnace":48,"minecraft:sleep_in_bed":15,"minecraft:damage_dealt":8740,"minecraft:crouch_one_cm":1368,"tombstone:undead_killed":13,"minecraft:mob_kills":49,"minecraft:damage_dealt_resisted":22,"minecraft:climb_one_cm":23017,"minecraft:walk_one_cm":696701,"minecraft:sneak_time":878,"minecraft:walk_under_water_one_cm":61680,"minecraft:boat_one_cm":123540,"minecraft:interact_with_blast_furnace":37,"minecraft:total_world_time":479234,"minecraft:time_since_rest":22571,"minecraft:damage_taken":9260,"minecraft:swim_one_cm":161581,"minecraft:fly_one_cm":631177,"minecraft:open_chest":154,"minecraft:fall_one_cm":127852}},"DataVersion":3465}