{"stats":{"minecraft:killed":{"luminousworld:miner_zombie":1,"minecraft:spider":2,"minecraft:skeleton":1,"luminousworld:bass_fish":1,"artifacts:mimic":1,"born_in_chaos_v1:diamond_termite":4,"earthmobsmod:lobber_zombie":2,"minecraft:sheep":3,"minecraft:trader_llama":2,"born_in_chaos_v1:zombie_fisherman":1,"minecraft:zombie":5,"born_in_chaos_v1:dread_hound":1,"born_in_chaos_v1:corpse_fly":3,"luminousworld:dark_oak_zombie":1,"minecraft:cow":7,"enemyexpansion:wasp":1,"undead_revamp2:thehunter":1,"enemyexpansion:direwolf":2,"naturalist:duck":1,"born_in_chaos_v1:zombie_bruiser":2,"born_in_chaos_v1:maggot":7,"enemyexpansion:goblin":1,"luminousworld:spring_azure":1,"born_in_chaos_v1:baby_skeleton":1,"undead_revamp2:the_moonflower":1,"minecraft:wandering_trader":1,"undead_revamp2:thesomnolence":1,"ecologics:squirrel":1,"born_in_chaos_v1:dark_vortex":1,"minecraft:enderman":1},"minecraft:picked_up":{"minecraft:wheat":7,"minecraft:lead":2,"tombstone:grave_key":1,"minecraft:amethyst_block":15,"minecraft:string":7,"minecraft:raw_copper":19,"minecraft:cobbled_deepslate":1438,"minecraft:calcite":25,"minecraft:melon_slice":67,"minecraft:iron_boots":1,"minecraft:furnace":3,"minecraft:stick":27,"ecologics:coconut_seedling":1,"minecraft:torch":10,"tombstone:grave_dust":2,"minecraft:diorite":95,"luminousworld:grassflowers":6,"luminousworld:yellow_grassflowers":2,"minecraft:rotten_flesh":18,"luminousworld:soft_birch_log":8,"ecologics:coconut_log":12,"supplementaries:ash":230,"minecraft:cobblestone":918,"minecraft:birch_log":205,"minecraft:andesite":115,"minecraft:jungle_log":1,"minecraft:flint":4,"create:raw_zinc":1,"minecraft:tuff":77,"minecraft:lapis_lazuli":34,"minecraft:dirt":124,"minecraft:bone":3,"minecraft:wheat_seeds":23,"minecraft:raw_gold":65,"minecraft:bamboo":24,"minecraft:oak_planks":5,"luminousworld:bass_item":1,"luminousworld:creepberries":1,"minecraft:sand":33,"minecraft:grass_block":1,"minecraft:lily_of_the_valley":6,"minecraft:dark_oak_log":45,"naturalist:duck_egg":2,"minecraft:barrel":2,"quark:jasper":17,"minecraft:iron_hoe":2,"minecraft:sugar":14,"minecraft:diamond":26,"luminousworld:yellowpetunias":5,"minecraft:granite":47,"minecraft:bread":2,"minecraft:oak_sapling":6,"minecraft:netherrack":1,"iceandfire:raw_silver":4,"minecraft:crafting_table":2,"luminousworld:groundpebbles_1":16,"minecraft:coarse_dirt":2,"born_in_chaos_v1:diamond_termite_shard":4,"minecraft:purple_wool":6,"luminousworld:decorative_brown_2":6,"iceandfire:pixie_house_oak":1,"minecraft:clay_ball":4,"minecraft:brown_mushroom":7,"minecraft:gold_block":2,"minecraft:birch_fence":2,"minecraft:beef":10,"minecraft:sugar_cane":13,"minecraft:birch_sapling":24,"minecraft:raw_iron":109,"minecraft:sandstone":3,"naturalist:duck":1,"luminousworld:blue_petunias":1,"quark:green_corundum_cluster":3,"minecraft:oak_door":1,"ecologics:coconut_slice":4,"sophisticatedbackpacks:backpack":1,"quark:birch_chest":1,"born_in_chaos_v1:pieceofdarkmetal":1,"minecraft:redstone":13,"luminousworld:decorative_brown_mushroom_1":12,"minecraft:mutton":3,"minecraft:skeleton_skull":1,"minecraft:white_wool":3,"born_in_chaos_v1:corpse_maggot":6,"born_in_chaos_v1:monster_flesh":1,"minecraft:salmon":1,"luminousworld:ishstone":43,"minecraft:leather":12,"minecraft:red_mushroom":2,"minecraft:oak_log":21,"minecraft:kelp":106,"minecraft:iron_ingot":2,"minecraft:glass_bottle":1,"luminousworld:white_petunias":4,"minecraft:smooth_basalt":49,"luminousworld:clovers_1":66,"minecraft:birch_boat":2,"born_in_chaos_v1:ethereal_spirit":1,"minecraft:dripstone_block":4,"minecraft:gravel":30,"born_in_chaos_v1:dark_rod":1,"minecraft:amethyst_shard":4,"minecraft:blast_furnace":1,"quark:green_corundum":1,"minecraft:purple_bed":1,"tombstone:magic_scroll":1,"minecraft:coal":92},"minecraft:killed_by":{"minecraft:creeper":1,"born_in_chaos_v1:corpse_fly":1,"iceandfire:fire_dragon":1,"luminousworld:dark_oak_skeleton":1,"born_in_chaos_v1:restless_spirit":2,"undead_revamp2:thespitter":1,"minecraft:bee":1,"minecraft:skeleton":3,"enemyexpansion:wasp":1,"earthmobsmod:lobber_zombie":1,"enemyexpansion:direwolf":1,"born_in_chaos_v1:door_knight":2},"minecraft:mined":{"minecraft:large_amethyst_bud":1,"luminousworld:yellowpetunias":4,"minecraft:granite":51,"minecraft:budding_amethyst":1,"minecraft:grass_block":104,"quark:green_corundum_cluster":1,"minecraft:jungle_log":1,"iceandfire:pixie_house_oak":1,"supplementaries:ash":45,"minecraft:iron_ore":69,"minecraft:cobbled_deepslate":3,"minecraft:fire":10,"minecraft:deepslate_lapis_ore":4,"minecraft:small_amethyst_bud":2,"luminousworld:decorative_brown_2":2,"luminousworld:creepbush":1,"minecraft:deepslate_redstone_ore":6,"minecraft:kelp_plant":10,"minecraft:medium_amethyst_bud":2,"minecraft:amethyst_cluster":1,"minecraft:clay":1,"born_in_chaos_v1:infected_deepslate_diamond_ore":1,"minecraft:torch":6,"minecraft:blast_furnace":1,"minecraft:calcite":25,"minecraft:melon":12,"minecraft:cobblestone":37,"minecraft:sugar_cane":4,"minecraft:oak_planks":5,"minecraft:wall_torch":2,"minecraft:amethyst_block":15,"minecraft:skeleton_skull":1,"luminousworld:clovers_1":3,"minecraft:birch_log":207,"minecraft:wheat":3,"minecraft:grass":22,"quark:birch_chest":1,"minecraft:oak_log":18,"minecraft:sand":44,"minecraft:dirt":19,"luminousworld:grassvariant_3":15,"minecraft:smooth_basalt":49,"minecraft:red_mushroom_block":3,"minecraft:netherrack":2,"minecraft:oak_leaves":41,"minecraft:deepslate":1408,"create:zinc_ore":1,"minecraft:diamond_ore":4,"minecraft:tuff":90,"iceandfire:silver_ore":6,"minecraft:deepslate_diamond_ore":22,"minecraft:dark_oak_leaves":2,"luminousworld:grassvariant_4":28,"minecraft:oak_door":1,"luminousworld:blue_petunias":1,"minecraft:dark_oak_log":46,"born_in_chaos_v1:infected_diamond_ore":1,"luminousworld:clovers_4":4,"luminousworld:grassvariant_2":24,"luminousworld:clovers_2":2,"luminousworld:decorative_brown_mushroom_1":2,"ecologics:coconut_log":13,"minecraft:kelp":1,"minecraft:sandstone":3,"quark:jasper":19,"minecraft:furnace":3,"luminousworld:yellow_grassflowers":1,"minecraft:andesite":118,"minecraft:gold_block":2,"minecraft:deepslate_iron_ore":41,"minecraft:vine":1,"minecraft:bamboo_sapling":5,"minecraft:bamboo":2,"luminousworld:clovers_3":4,"minecraft:stone":831,"minecraft:podzol":1,"luminousworld:soft_birch_log":8,"minecraft:lily_of_the_valley":1,"minecraft:crafting_table":2,"luminousworld:grassflowers":1,"minecraft:copper_ore":12,"minecraft:deepslate_gold_ore":22,"minecraft:diorite":102,"supplementaries:urn":1,"minecraft:purple_wool":6,"minecraft:purple_bed":1,"minecraft:coarse_dirt":2,"minecraft:birch_leaves":11,"quark:green_corundum":1,"minecraft:coal_ore":79,"luminousworld:clovers_5":6,"luminousworld:ishstone":51,"minecraft:gravel":36,"minecraft:dripstone_block":8,"minecraft:gold_ore":12,"minecraft:birch_fence":2,"minecraft:fern":2},"minecraft:used":{"stalwart_dungeons:iron_hammer":246,"minecraft:iron_shovel":137,"minecraft:shield":27,"luminousworld:bass_item":1,"minecraft:rotten_flesh":4,"luminousworld:decorative_brown_2":1,"minecraft:jungle_planks":4,"minecraft:tuff":30,"born_in_chaos_v1:corpse_maggot":5,"minecraft:lava_bucket":1,"minecraft:furnace":5,"minecraft:oak_sapling":5,"luminousworld:clovers_1":1,"minecraft:diorite":26,"stalwart_dungeons:wooden_hammer":52,"minecraft:stone_pickaxe":274,"minecraft:oak_planks":12,"minecraft:wooden_pickaxe":101,"minecraft:sandstone":3,"minecraft:sugar_cane":13,"minecraft:diamond_axe":102,"luminousworld:groundpebbles_1":2,"iceandfire:pixie_house_oak":1,"naturalist:duck_egg":2,"minecraft:sand":8,"minecraft:blast_furnace":1,"minecraft:dripstone_block":4,"minecraft:birch_fence":71,"luminousworld:creepberries":1,"minecraft:birch_fence_gate":1,"born_in_chaos_v1:monster_flesh":1,"minecraft:melon_slice":67,"minecraft:bread":4,"minecraft:gravel":18,"ecologics:coconut_slice":2,"minecraft:diamond_sword":55,"minecraft:wooden_sword":46,"minecraft:andesite":12,"minecraft:birch_log":13,"minecraft:coarse_dirt":2,"minecraft:bone_meal":12,"quark:birch_chest":5,"minecraft:stone_sword":113,"minecraft:flint_and_steel":207,"minecraft:wooden_shovel":60,"minecraft:oak_door":3,"minecraft:torch":59,"minecraft:dirt":78,"minecraft:granite":25,"minecraft:iron_hoe":18,"minecraft:wooden_axe":35,"minecraft:iron_axe":156,"minecraft:bamboo":18,"minecraft:beef":3,"tombstone:gift":8,"torchmaster:megatorch":2,"minecraft:cooked_beef":8,"minecraft:cobbled_deepslate":111,"minecraft:wheat_seeds":21,"minecraft:cooked_mutton":3,"minecraft:water_bucket":92,"minecraft:birch_planks":19,"minecraft:birch_boat":2,"luminousworld:ishstone":8,"minecraft:salmon":1,"minecraft:crafting_table":9,"minecraft:white_bed":1,"stalwart_dungeons:golden_hammer":17,"minecraft:diamond_pickaxe":159,"minecraft:iron_pickaxe":595,"tombstone:magic_scroll":14,"minecraft:stone_axe":54,"stalwart_dungeons:stone_hammer":131,"minecraft:cobblestone":342,"minecraft:purple_bed":1,"vanillaplustools:iron_hammer":185,"ecologics:coconut_log":1,"minecraft:bucket":95,"quark:oak_chest":2,"alexsmobs:animal_dictionary":1},"minecraft:broken":{"minecraft:wooden_shovel":1,"stalwart_dungeons:stone_hammer":1,"minecraft:iron_boots":1,"minecraft:stone_pickaxe":2,"minecraft:flint_and_steel":3,"minecraft:wooden_pickaxe":1,"minecraft:iron_pickaxe":1},"minecraft:dropped":{"minecraft:red_mushroom":2,"luminousworld:clovers_1":1,"minecraft:rotten_flesh":6,"supplementaries:ash":1,"luminousworld:grassflowers":2,"ecologics:coconut_husk":2,"tombstone:grave_key":1,"minecraft:wooden_axe":1,"tombstone:grave_dust":2,"sophisticatedbackpacks:backpack":1,"luminousworld:blue_petunias":1},"minecraft:crafted":{"naturalist:cooked_duck":1,"minecraft:smooth_stone":8,"minecraft:oak_planks":84,"quark:birch_chest":5,"minecraft:purple_bed":1,"minecraft:birch_boat":1,"minecraft:stone":28,"minecraft:cooked_mutton":3,"minecraft:glass":23,"vanillaplustools:iron_hammer":2,"stalwart_dungeons:wooden_hammer":1,"minecraft:iron_boots":1,"stalwart_dungeons:golden_hammer":1,"sophisticatedbackpacks:copper_backpack":1,"minecraft:birch_fence_gate":1,"stalwart_dungeons:iron_hammer":1,"minecraft:dried_kelp_block":11,"torchmaster:megatorch":2,"minecraft:wooden_shovel":1,"sophisticatedbackpacks:backpack":1,"minecraft:diamond_axe":1,"minecraft:crafting_table":7,"minecraft:iron_helmet":1,"minecraft:wooden_pickaxe":2,"minecraft:copper_ingot":14,"minecraft:gold_block":2,"minecraft:birch_planks":384,"minecraft:iron_chestplate":1,"minecraft:diamond_pickaxe":1,"minecraft:shield":1,"minecraft:birch_fence":75,"minecraft:stick":160,"quark:oak_chest":2,"minecraft:iron_ingot":163,"minecraft:iron_pickaxe":22,"minecraft:iron_block":6,"minecraft:stone_sword":1,"minecraft:gold_ingot":37,"minecraft:wooden_sword":1,"minecraft:oak_door":3,"minecraft:furnace":2,"minecraft:bone_meal":12,"minecraft:flint_and_steel":4,"minecraft:iron_axe":1,"minecraft:stone_pickaxe":2,"minecraft:cooked_beef":8,"minecraft:diamond_sword":1,"minecraft:dried_kelp":106,"minecraft:bucket":2,"minecraft:stone_axe":1,"minecraft:bread":2,"minecraft:air":0,"minecraft:jungle_planks":4,"minecraft:wooden_axe":1,"minecraft:iron_shovel":1,"minecraft:iron_leggings":1,"minecraft:white_bed":1,"stalwart_dungeons:stone_hammer":1,"minecraft:torch":88},"minecraft:custom":{"minecraft:interact_with_crafting_table":86,"minecraft:open_barrel":1,"minecraft:leave_game":9,"minecraft:time_since_death":24629,"minecraft:sprint_one_cm":749437,"minecraft:damage_blocked_by_shield":430,"minecraft:drop":19,"minecraft:talked_to_villager":1,"minecraft:play_time":558141,"minecraft:deaths":28,"minecraft:jump":6926,"minecraft:walk_on_water_one_cm":116664,"minecraft:interact_with_furnace":53,"minecraft:sleep_in_bed":19,"minecraft:damage_dealt":10925,"minecraft:crouch_one_cm":1700,"tombstone:undead_killed":16,"tombstone:villager_killed":1,"minecraft:mob_kills":60,"minecraft:damage_dealt_resisted":22,"minecraft:climb_one_cm":23839,"minecraft:walk_one_cm":834449,"minecraft:sneak_time":1364,"minecraft:walk_under_water_one_cm":82799,"minecraft:boat_one_cm":123540,"minecraft:interact_with_blast_furnace":41,"minecraft:total_world_time":558141,"minecraft:time_since_rest":8254,"minecraft:damage_taken":10911,"minecraft:swim_one_cm":301535,"minecraft:fly_one_cm":809904,"minecraft:open_chest":187,"minecraft:fall_one_cm":155771}},"DataVersion":3465}