{"stats":{"minecraft:killed_by":{"minecraft:zombie":1,"enemyexpansion:invisicreeper":1,"undead_revamp2:thegliter":1,"undead_revamp2:thesomnolence":1,"undead_revamp2:sucker":1,"minecraft:wither_skeleton":1,"minecraft:silverfish":1},"minecraft:dropped":{"minecraft:iron_sword":2,"minecraft:piston":1,"minecraft:stripped_mangrove_wood":1,"minecraft:glow_berries":5,"minecraft:saddle":1,"born_in_chaos_v1:pieceofdarkmetal":1,"minecraft:red_mushroom":8,"minecraft:dirt":30,"minecraft:grass":1,"minecraft:gold_nugget":11,"minecraft:iron_pickaxe":2,"luminousworld:clovers_1":1,"minecraft:bone":34,"minecraft:stone_axe":1,"alexsmobs:animal_dictionary":1,"minecraft:cobbled_deepslate":16,"minecraft:wheat":5,"undead_revamp2:arapholia":5,"minecraft:rotten_flesh":39,"minecraft:oak_planks":3,"minecraft:white_bed":3,"iceandfire:crackled_gravel":4,"luminousworld:grassflowers":11,"minecraft:ladder":4,"minecraft:glass":4,"minecraft:beef":2,"iceandfire:manuscript":340,"minecraft:lectern":1,"minecraft:iron_ingot":5855,"minecraft:wheat_seeds":22,"luminousworld:ishstone":26,"minecraft:oak_fence":2,"minecraft:cobblestone":72,"minecraft:apple":2,"minecraft:granite":43,"minecraft:coal":6,"iceandfire:copper_nugget":482,"minecraft:rose_bush":2,"alexsmobs:ghostly_pickaxe":2,"minecraft:iron_shovel":1,"minecraft:paper":10,"minecraft:stone_brick_slab":2,"minecraft:cocoa_beans":2,"minecraft:cobblestone_wall":10,"minecraft:dark_oak_sign":1,"minecraft:bowl":10,"minecraft:clay_ball":95,"minecraft:iron_boots":2,"earthmobsmod:harder_flesh":4,"minecraft:big_dripleaf":4,"minecraft:allium":9,"minecraft:diamond_pickaxe":2,"minecraft:stone_bricks":6,"luminousworld:blue_petunias":3,"minecraft:brown_mushroom":4,"quark:glow_shroom":2,"luminousworld:yellowpetunias":2,"minecraft:baked_potato":1,"minecraft:ender_pearl":1,"luminousworld:white_petunias":1,"illagerinvasion:unusual_dust":1,"enchantinginfuser:advanced_enchanting_infuser":1,"minecraft:cornflower":1,"minecraft:amethyst_shard":12,"iceandfire:ash":4,"minecraft:pointed_dripstone":1,"minecraft:carrot":1216,"minecraft:chainmail_chestplate":1,"minecraft:poppy":64,"supplementaries:ash":202,"minecraft:gunpowder":1,"minecraft:stone_brick_wall":10,"minecraft:azalea":2,"minecraft:chainmail_boots":24,"minecraft:arrow":5,"minecraft:written_book":1,"minecraft:water_bucket":1,"minecraft:bread":15,"luminousworld:sunset_petunias":2,"minecraft:bookshelf":1,"minecraft:copper_ingot":12,"minecraft:grass_block":1,"minecraft:stick":5,"minecraft:diorite":24,"minecraft:torch":9,"minecraft:iron_leggings":11,"minecraft:raw_iron_block":1,"minecraft:bucket":1,"minecraft:dandelion":8,"minecraft:redstone":4,"minecraft:oak_trapdoor":5,"minecraft:raw_copper":16,"minecraft:tuff":129,"minecraft:raw_iron":2,"minecraft:villager_spawn_egg":2,"minecraft:stripped_acacia_wood":1,"minecraft:oak_button":64,"luminousworld:groundpebbles_1":2,"minecraft:andesite":8,"minecraft:mossy_stone_bricks":1,"minecraft:oak_sapling":4,"luminousworld:purple_petunias":3},"minecraft:killed":{"illagerinvasion:archivist":2,"luminousworld:miner_zombie":2,"minecraft:cave_spider":1,"enemyexpansion:equestrian":1,"iceandfire:stymphalian_bird":1,"born_in_chaos_v1:siamese_skeletonsright":1,"illagerinvasion:basher":4,"minecraft:skeleton":18,"friendsandfoes:glare":1,"luminousworld:dark_oak_skeleton":3,"alexsmobs:leafcutter_ant":7,"undead_revamp2:thepregnant":1,"undead_revamp2:thespitter":2,"minecraft:iron_golem":1,"minecraft:pillager":11,"minecraft:zombie":18,"born_in_chaos_v1:corpse_fly":5,"enemyexpansion:botfly":8,"bettermobs:capivara":1,"minecraft:glow_squid":6,"iceandfire:lightning_dragon":2,"mutantmonsters:mutant_creeper":1,"takesapillage:archer":2,"minecraft:cow":10,"undead_revamp2:thehunter":4,"minecraft:vindicator":3,"illagerinvasion:marauder":4,"minecraft:horse":6,"enemyexpansion:silverqueen":2,"alexsmobs:underminer":1,"born_in_chaos_v1:barrel_zombie":1,"minecraft:husk":8,"earthmobsmod:bouldering_zombie":3,"iceandfire:cyclops":1,"undead_revamp2:the_moonflower":1,"minecraft:ravager":1,"born_in_chaos_v1:decrepit_skeleton":2,"alexsmobs:catfish":1,"iceandfire:ghost":2,"minecraft:witch":1,"minecraft:spider":3,"undead_revamp2:thesmoker":1,"illagerinvasion:provoker":2,"minecraft:silverfish":106,"earthmobsmod:viler_witch":1,"minecraft:zombie_villager":1,"born_in_chaos_v1:diamond_termite":6,"earthmobsmod:lobber_zombie":1,"illagerinvasion:alchemist":1,"minecraft:creeper":7,"minecraft:sheep":5,"minecraft:trader_llama":4,"alexsmobs:toucan":1,"illagerinvasion:sorcerer":1,"luminousworld:dark_oak_zombie":5,"born_in_chaos_v1:siamese_skeletonsleft":1,"undead_revamp2:thegliter":2,"enemyexpansion:direwolf":3,"born_in_chaos_v1:zombie_bruiser":1,"born_in_chaos_v1:maggot":7,"minecraft:phantom":3,"iceandfire:fire_dragon":1,"undead_revamp2:coppertar":1,"takesapillage:clay_golem":1,"luminousworld:monarch":1,"born_in_chaos_v1:corpse_fish":3,"undead_revamp2:thehorrors":1,"enemyexpansion:goblin":3,"luminousworld:firefly":1,"takesapillage:skirmisher":1,"minecraft:hoglin":13,"minecraft:wither_skeleton":31,"minecraft:villager":5,"enemyexpansion:slugger":1},"minecraft:picked_up":{"minecraft:birch_door":1,"minecraft:iron_chestplate":3,"minecraft:chainmail_boots":25,"minecraft:anvil":1,"minecraft:smithing_table":1,"minecraft:lead":4,"minecraft:enchanted_book":1,"minecraft:wither_rose":2,"minecraft:amethyst_block":9,"minecraft:string":27,"minecraft:gold_nugget":659,"minecraft:cobbled_deepslate":194,"minecraft:spruce_planks":4,"minecraft:coal_block":34,"minecraft:big_dripleaf":2,"iceandfire:lightning_dragon_flesh":1,"minecraft:cauldron":1,"luminousworld:grassflowers":11,"minecraft:honey_bottle":1,"iceandfire:fire_dragon_heart":1,"minecraft:iron_block":3,"minecraft:carved_pumpkin":1,"supplementaries:ash":194,"iceandfire:dragonscales_black":19,"minecraft:magma_block":143,"minecraft:feather":4,"minecraft:cooked_beef":18,"minecraft:water_bucket":99,"minecraft:jungle_log":1,"minecraft:flint":14,"luminousworld:purple_petunias":3,"minecraft:lantern":5,"born_in_chaos_v1:marigolds":1,"minecraft:dark_oak_sign":1,"minecraft:diamond_helmet":1,"iceandfire:dragonscales_amythest":28,"minecraft:stripped_acacia_wood":1,"iceandfire:dragon_skull_fire":1,"iceandfire:lightning_dragon_heart":2,"minecraft:dark_oak_log":167,"minecraft:bundle":2,"minecraft:iron_hoe":3,"minecraft:dispenser":114,"iceandfire:lectern":1,"luminousworld:yellowpetunias":2,"minecraft:granite":73,"minecraft:chainmail_helmet":2,"minecraft:bread":17,"born_in_chaos_v1:rotten_fish":2,"iceandfire:raw_silver":19,"minecraft:diamond_pickaxe":1,"luminousworld:groundpebbles_1":2,"iceandfire:dragon_skull_lightning":2,"minecraft:mud":37,"minecraft:crafting_table":14,"minecraft:purple_wool":6,"iceandfire:witherbone":21,"minecraft:clay_ball":55,"quark:dark_oak_chest":1,"minecraft:fire_coral":1,"minecraft:cornflower":1,"minecraft:iron_shovel":2,"iceandfire:hydra_fang":2,"minecraft:beef":24,"minecraft:iron_nugget":19,"minecraft:poppy":4,"minecraft:piston":2,"luminousworld:blue_petunias":3,"minecraft:spruce_fence":2,"sophisticatedbackpacks:backpack":1,"born_in_chaos_v1:pieceofdarkmetal":6,"minecraft:carrot":15,"minecraft:redstone":357,"minecraft:tnt":5,"luminousworld:decorative_brown_mushroom_1":1,"minecraft:hay_block":64,"tombstone:essence_of_undeath":1,"minecraft:gold_ingot":134,"minecraft:glow_berries":18,"minecraft:mutton":8,"minecraft:rail":1,"minecraft:white_wool":15,"minecraft:stripped_oak_log":4,"luminousworld:ishstone":29,"minecraft:red_mushroom":22,"minecraft:oak_log":77,"iceandfire:pixie_jar_3":2,"quark:limestone":5,"minecraft:paper":1,"tombstone:gift":1,"minecraft:white_banner":4,"iceandfire:pixie_jar_empty":5,"minecraft:stone_bricks":9,"minecraft:apple":8,"quark:glow_shroom":2,"minecraft:cobweb":3,"tombstone:bag_of_seeds":2,"minecraft:glass_bottle":4,"minecraft:iron_sword":5,"endrem:witch_pupil":1,"iceandfire:copper_nugget":1019,"enemyexpansion:phantom_eye":1,"minecraft:gravel":9,"minecraft:purple_bed":4,"minecraft:slime_ball":4,"minecraft:oak_button":1,"minecraft:hopper":5,"minecraft:ender_pearl":2,"minecraft:wheat":13,"illagerinvasion:platinum_chunk":8,"minecraft:redstone_block":3,"minecraft:potion":1,"minecraft:raw_copper":36,"minecraft:iron_leggings":11,"minecraft:sticky_piston":2,"minecraft:experience_bottle":3,"minecraft:comparator":10,"minecraft:bucket":14,"minecraft:rose_bush":2,"minecraft:redstone_torch":105,"minecraft:azalea":2,"minecraft:iron_pickaxe":2,"minecraft:iron_boots":3,"minecraft:furnace":5,"minecraft:stick":9,"iceandfire:pixie_dust":5,"ecologics:walnut_log":3,"minecraft:oak_fence":3,"minecraft:torch":111,"minecraft:porkchop":43,"iceandfire:crackled_gravel":8,"minecraft:pointed_dripstone":62,"tombstone:grave_dust":15,"minecraft:diorite":14,"minecraft:rotten_flesh":67,"undead_revamp2:arapholia":5,"minecraft:cobblestone":745,"minecraft:repeater":79,"minecraft:andesite":5,"minecraft:tuff":137,"minecraft:wither_skeleton_skull":3,"minecraft:lapis_lazuli":160,"minecraft:dirt":2999,"minecraft:glass":1,"minecraft:bone":99,"minecraft:bow":3,"minecraft:wheat_seeds":54,"minecraft:raw_gold":38,"minecraft:grindstone":2,"minecraft:mossy_stone_bricks":2,"minecraft:bamboo":110,"minecraft:oak_planks":3,"minecraft:cooked_porkchop":3,"ecologics:azalea_log":2,"iceandfire:podium_spruce":1,"earthmobsmod:harder_flesh":4,"torchmaster:megatorch":2,"minecraft:sand":172,"undead_revamp2:acidsack":1,"minecraft:mossy_cobblestone":101,"minecraft:orange_wool":1,"minecraft:diamond":40,"minecraft:bone_meal":2,"minecraft:golden_apple":3,"minecraft:emerald":99,"minecraft:oak_sapling":4,"iceandfire:silver_nugget":60,"minecraft:cocoa_beans":4,"born_in_chaos_v1:diamond_termite_shard":5,"minecraft:ladder":5,"minecraft:brown_mushroom":18,"minecraft:stone_brick_wall":12,"minecraft:oak_trapdoor":4,"illagerinvasion:unusual_dust":1,"minecraft:iron_axe":1,"minecraft:item_frame":3,"takesapillage:ravager_horn":1,"minecraft:cyan_carpet":3,"minecraft:observer":6,"minecraft:sugar_cane":12,"minecraft:phantom_membrane":1,"minecraft:dark_oak_sapling":35,"iceandfire:dragonscales_gray":21,"minecraft:raw_iron":71,"iceandfire:dragonbone":32,"minecraft:copper_ingot":5,"minecraft:bowl":3,"alexsmobs:leafcutter_ant_pupa":5,"minecraft:stone_pressure_plate":1,"iceandfire:pixie_jar_0":1,"minecraft:arrow":17,"iceandfire:cyclops_eye":1,"minecraft:pumpkin_pie":4,"alexscaves:spelunkery_table":1,"alexsmobs:ghostly_pickaxe":3,"minecraft:skeleton_skull":1,"born_in_chaos_v1:fused_bone":2,"born_in_chaos_v1:corpse_maggot":10,"minecraft:glow_ink_sac":21,"minecraft:leather":43,"minecraft:chainmail_chestplate":1,"minecraft:gunpowder":13,"minecraft:cobblestone_wall":11,"minecraft:cooked_mutton":1,"minecraft:gray_carpet":2,"minecraft:rabbit_hide":4,"minecraft:iron_ingot":5193,"luminousworld:white_petunias":1,"minecraft:book":76,"minecraft:scaffolding":26,"luminousworld:clovers_1":1,"minecraft:stone_brick_slab":1,"iceandfire:ash":4,"minecraft:dandelion":16,"minecraft:raw_iron_block":3,"luminousworld:sunset_petunias":2,"minecraft:amethyst_shard":24,"minecraft:white_bed":5,"minecraft:spider_eye":3,"minecraft:chainmail_leggings":1,"minecraft:iron_helmet":3,"tombstone:magic_scroll":3,"minecraft:damaged_anvil":1,"minecraft:coal":335},"minecraft:broken":{"minecraft:iron_chestplate":1,"minecraft:iron_leggings":1,"minecraft:diamond_shovel":1,"minecraft:iron_sword":2,"minecraft:wooden_pickaxe":1,"alexsmobs:ghostly_pickaxe":1,"minecraft:iron_pickaxe":4,"minecraft:stone_pickaxe":3,"minecraft:wooden_axe":1,"minecraft:flint_and_steel":2},"minecraft:crafted":{"minecraft:purple_bed":2,"ecologics:walnut_planks":12,"minecraft:emerald":1,"minecraft:diamond_axe":1,"minecraft:copper_ingot":87,"quark:oak_chest":4,"minecraft:iron_pickaxe":4,"minecraft:iron_block":968,"minecraft:gold_ingot":115,"minecraft:iron_nugget":24,"minecraft:bone_meal":138,"minecraft:stone_pickaxe":3,"minecraft:spruce_sapling":8,"minecraft:dark_oak_planks":408,"minecraft:wheat":459,"minecraft:enchanted_book":25,"minecraft:oak_fence_gate":1,"minecraft:chainmail_boots":12,"minecraft:wooden_axe":1,"minecraft:iron_shovel":2,"minecraft:iron_leggings":11,"minecraft:oak_planks":324,"minecraft:iron_boots":1,"minecraft:chest":1,"iceandfire:manuscript":4,"sophisticatedbackpacks:backpack":4,"minecraft:cauldron":18,"minecraft:crafting_table":8,"minecraft:wooden_pickaxe":1,"minecraft:string":28,"minecraft:iron_chestplate":1,"minecraft:shield":1,"minecraft:stick":124,"minecraft:iron_ingot":87,"minecraft:raw_iron":9,"minecraft:furnace":1,"minecraft:mushroom_stew":14,"quark:dark_oak_chest":32,"iceandfire:dragon_meal":64,"minecraft:iron_sword":2,"minecraft:bowl":8,"minecraft:stone_axe":1,"minecraft:bread":177,"minecraft:air":0,"minecraft:jungle_planks":4,"minecraft:torch":344,"ecologics:azalea_planks":8},"minecraft:custom":{"minecraft:interact_with_crafting_table":66,"minecraft:open_barrel":58,"minecraft:eat_cake_slice":9,"minecraft:leave_game":9,"minecraft:time_since_death":706363,"minecraft:damage_blocked_by_shield":3405,"minecraft:play_time":1117338,"minecraft:deaths":8,"minecraft:jump":7551,"minecraft:enchant_item":7,"minecraft:interact_with_furnace":37,"minecraft:traded_with_villager":57,"minecraft:sleep_in_bed":25,"minecraft:damage_dealt":90548,"tombstone:undead_killed":115,"minecraft:interact_with_smoker":2,"minecraft:inspect_dispenser":19,"minecraft:interact_with_smithing_table":3,"minecraft:inspect_dropper":1,"minecraft:interact_with_anvil":5,"minecraft:inspect_hopper":88,"minecraft:damage_dealt_absorbed":81,"minecraft:sneak_time":57320,"minecraft:interact_with_lectern":1,"minecraft:interact_with_blast_furnace":22,"minecraft:total_world_time":1117338,"tombstone:raider_killed":37,"minecraft:tune_noteblock":1,"minecraft:time_since_rest":17022,"minecraft:swim_one_cm":20177,"minecraft:fly_one_cm":3885320,"minecraft:open_chest":621,"minecraft:fall_one_cm":234033,"minecraft:animals_bred":6,"minecraft:damage_resisted":1489,"minecraft:sprint_one_cm":1243481,"minecraft:drop":405,"minecraft:talked_to_villager":145,"minecraft:walk_on_water_one_cm":104477,"tombstone:steal_effect":6,"minecraft:interact_with_loom":2,"minecraft:crouch_one_cm":163421,"tombstone:villager_killed":5,"minecraft:mob_kills":400,"minecraft:interact_with_campfire":18,"minecraft:damage_dealt_resisted":696,"minecraft:climb_one_cm":24091,"minecraft:walk_one_cm":2264016,"minecraft:raid_win":1,"minecraft:walk_under_water_one_cm":51300,"minecraft:boat_one_cm":2385,"minecraft:raid_trigger":1,"minecraft:damage_taken":7762,"minecraft:damage_absorbed":3374,"minecraft:trigger_trapped_chest":5},"minecraft:used":{"minecraft:dispenser":2,"minecraft:ladder":18,"minecraft:chest":138,"minecraft:rotten_flesh":2,"minecraft:orange_wool":1,"minecraft:lava_bucket":90,"minecraft:villager_spawn_egg":81,"securitycraft:secret_sign_item":37,"minecraft:grass_block":87,"minecraft:stone_brick_stairs":27,"supplementaries:bomb_blue":3,"minecraft:furnace":8,"minecraft:damaged_anvil":1,"minecraft:powered_rail":6,"minecraft:wooden_pickaxe":61,"minecraft:composter":2,"minecraft:golden_apple":4,"minecraft:glow_berries":20,"minecraft:stripped_mangrove_wood":1,"minecraft:dark_oak_trapdoor":19,"minecraft:sand":2,"minecraft:blast_furnace":2,"minecraft:lectern":10,"minecraft:diamond_sword":95,"minecraft:smithing_table":1,"minecraft:oak_boat":1,"minecraft:oak_trapdoor":29,"minecraft:carved_pumpkin":1,"minecraft:stick":1,"minecraft:torch":564,"minecraft:anvil":2,"minecraft:oak_fence_gate":242,"minecraft:iron_block":164,"alexsmobs:ghostly_pickaxe":201,"minecraft:glowstone":13,"tombstone:gift":9,"torchmaster:megatorch":270,"minecraft:cobbled_deepslate":141,"minecraft:pointed_dripstone":19,"ecologics:azalea_planks":8,"minecraft:water_bucket":612,"minecraft:bundle":1,"supplementaries:sconce_lever":5,"minecraft:cauldron":18,"minecraft:rail":113,"minecraft:comparator":16,"minecraft:crafting_table":23,"minecraft:white_bed":21,"minecraft:mud":37,"minecraft:diamond_pickaxe":1210,"minecraft:diamond_shovel":2749,"earthmobsmod:mud_bucket":9,"minecraft:oak_button":7,"minecraft:iron_pickaxe":1075,"quark:dark_oak_chest":21,"minecraft:cobblestone":567,"minecraft:purple_bed":6,"minecraft:cooked_porkchop":3,"minecraft:glass_pane":4,"minecraft:dandelion":1,"minecraft:iron_shovel":62,"minecraft:shield":135,"minecraft:iron_sword":1166,"minecraft:zombie_spawn_egg":24,"minecraft:iron_chestplate":1,"minecraft:carrot":110,"minecraft:tuff":8,"eeeabsmobs:guardian_axe":201,"enchantinginfuser:advanced_enchanting_infuser":1,"minecraft:obsidian":12,"born_in_chaos_v1:corpse_maggot":7,"minecraft:glass":494,"minecraft:lantern":5,"minecraft:stone_bricks":2889,"minecraft:repeater":41,"minecraft:hay_block":1,"luminousworld:decorative_brown_mushroom_1":1,"minecraft:dark_oak_sapling":25,"minecraft:stone_pickaxe":391,"minecraft:diamond_axe":249,"minecraft:mushroom_stew":14,"alexscaves:cave_book":1,"minecraft:stone_brick_wall":2,"minecraft:redstone_torch":37,"minecraft:lever":2,"minecraft:bread":38,"minecraft:gravel":9,"minecraft:bone_meal":27,"minecraft:oak_fence":1,"minecraft:flint_and_steel":275,"minecraft:redstone":64,"cataclysm:coral_bardiche":6,"minecraft:dirt":880,"minecraft:hopper":106,"minecraft:cobblestone_wall":235,"minecraft:spruce_fence":2,"minecraft:granite":13,"minecraft:iron_hoe":2,"minecraft:stone_brick_slab":182,"minecraft:wooden_axe":61,"minecraft:bookshelf":31,"minecraft:oak_stairs":56,"minecraft:iron_boots":1,"alexscaves:spelunkery_table":1,"quark:hollow_spruce_log":1,"minecraft:minecart":2,"minecraft:stone_pressure_plate":1,"minecraft:enchanted_golden_apple":29,"minecraft:amethyst_block":7,"minecraft:cobblestone_stairs":64,"minecraft:cobblestone_slab":13,"minecraft:piston":2,"minecraft:wooden_hoe":89,"minecraft:apple":4,"minecraft:map":1,"minecraft:stone_axe":125,"minecraft:white_banner":1,"minecraft:bucket":188,"minecraft:pumpkin_pie":2,"alexsmobs:animal_dictionary":1},"minecraft:mined":{"minecraft:white_bed":2,"luminousworld:autumnleaves":10,"iceandfire:copper_pile":90,"alexsmobs:leafcutter_anthill":1,"minecraft:carved_pumpkin":1,"minecraft:granite":73,"minecraft:stone_brick_wall":8,"minecraft:jungle_log":1,"minecraft:coal_block":35,"minecraft:hopper":5,"minecraft:spawner":8,"minecraft:tall_seagrass":1,"minecraft:magma_block":143,"minecraft:fire":9,"minecraft:deepslate_lapis_ore":3,"minecraft:cave_vines":1,"iceandfire:gold_pile":67,"quark:limestone":5,"illagerinvasion:magic_fire":1,"minecraft:iron_block":3,"minecraft:tripwire":5,"minecraft:piston_head":3,"minecraft:amethyst_cluster":3,"born_in_chaos_v1:infected_deepslate_diamond_ore":4,"minecraft:torch":14,"minecraft:sugar_cane":6,"minecraft:damaged_anvil":1,"minecraft:amethyst_block":7,"minecraft:repeater":47,"minecraft:mud":46,"minecraft:wither_rose":2,"minecraft:grass":53,"minecraft:dark_oak_sapling":9,"luminousworld:grassvariant_3":14,"minecraft:smooth_basalt":2,"minecraft:red_mushroom_block":45,"minecraft:piston":1,"minecraft:deepslate":204,"iceandfire:silver_ore":7,"minecraft:mossy_cobblestone":101,"minecraft:dark_oak_log":167,"minecraft:redstone_wire":22,"iceandfire:deepslate_silver_ore":1,"luminousworld:grassvariant_2":14,"minecraft:moss_block":1,"minecraft:redstone_ore":1,"minecraft:andesite":5,"minecraft:vine":12,"minecraft:bamboo":8,"luminousworld:groundpebbles_2":1,"iceandfire:podium_spruce":1,"minecraft:white_wool":7,"minecraft:smithing_table":1,"minecraft:redstone_block":3,"minecraft:comparator":5,"quark:dark_oak_chest":1,"minecraft:observer":6,"minecraft:dandelion":7,"ecologics:walnut_leaves":4,"minecraft:tall_grass":11,"quark:glow_shroom_block":1,"minecraft:copper_ore":9,"minecraft:deepslate_gold_ore":61,"minecraft:diorite":24,"minecraft:purple_wool":6,"minecraft:purple_bed":4,"minecraft:cobblestone_wall":4,"minecraft:birch_leaves":8,"iceandfire:silver_pile":18,"luminousworld:ishstone":20,"minecraft:gravel":15,"minecraft:cobweb":3,"minecraft:stone_bricks":7,"minecraft:gold_ore":24,"minecraft:fern":1,"undead_revamp2:arapholia":1,"minecraft:stone_pressure_plate":1,"minecraft:spruce_planks":4,"luminousworld:yellowpetunias":1,"minecraft:sculk_vein":2,"minecraft:orange_wool":1,"minecraft:grass_block":1736,"minecraft:infested_cobblestone":42,"iceandfire:lectern":1,"minecraft:raw_iron_block":2,"minecraft:iron_ore":68,"minecraft:anvil":1,"minecraft:pointed_dripstone":19,"minecraft:flowering_azalea_leaves":1,"minecraft:azalea_leaves":3,"ecologics:walnut_log":3,"minecraft:deepslate_redstone_ore":49,"minecraft:clay":2,"minecraft:calcite":4,"minecraft:mushroom_stem":10,"minecraft:cobblestone":127,"minecraft:grindstone":2,"placeablesmod:bread_full_block":1,"minecraft:wall_torch":10,"minecraft:cauldron":1,"luminousworld:clovers_1":1,"minecraft:tnt":5,"minecraft:oak_log":69,"ecologics:azalea_log":2,"minecraft:sand":71,"minecraft:dirt":1299,"minecraft:dispenser":114,"minecraft:oak_leaves":4,"alexscaves:spelunkery_table":1,"minecraft:tuff":160,"minecraft:dark_oak_leaves":99,"minecraft:deepslate_diamond_ore":20,"born_in_chaos_v1:infected_diamond_ore":1,"torchmaster:megatorch":2,"minecraft:brown_mushroom_block":45,"luminousworld:decorative_brown_mushroom_1":1,"minecraft:spruce_leaves":22,"minecraft:hay_block":64,"minecraft:furnace":5,"luminousworld:yellow_grassflowers":1,"minecraft:bookshelf":25,"minecraft:deepslate_iron_ore":110,"minecraft:lantern":1,"minecraft:stone":968,"minecraft:redstone_wall_torch":38,"iceandfire:pixie_jar_empty":5,"minecraft:scaffolding":17,"born_in_chaos_v1:marigolds":1,"minecraft:infested_stone_bricks":1,"minecraft:oak_fence":1,"minecraft:crafting_table":14,"minecraft:rose_bush":1,"minecraft:lapis_ore":8,"supplementaries:urn":40,"minecraft:redstone_torch":3,"iceandfire:ash":4,"minecraft:coal_ore":200,"minecraft:stripped_acacia_wood":1,"minecraft:mossy_stone_bricks":2}},"DataVersion":3465}