{"stats":{"minecraft:mined":{"minecraft:tuff":36,"minecraft:white_bed":2,"minecraft:mossy_cobblestone":24,"minecraft:dark_oak_leaves":24,"minecraft:deepslate_diamond_ore":5,"luminousworld:autumnleaves":10,"iceandfire:copper_pile":10,"minecraft:sculk_vein":2,"minecraft:orange_wool":1,"born_in_chaos_v1:infected_diamond_ore":1,"minecraft:granite":44,"minecraft:stone_brick_wall":2,"minecraft:grass_block":13,"minecraft:redstone_wire":12,"iceandfire:lectern":1,"luminousworld:grassvariant_2":1,"minecraft:brown_mushroom_block":45,"luminousworld:decorative_brown_mushroom_1":1,"minecraft:spruce_leaves":22,"minecraft:moss_block":1,"minecraft:hopper":2,"minecraft:hay_block":52,"minecraft:raw_iron_block":1,"minecraft:redstone_ore":1,"minecraft:furnace":4,"minecraft:iron_ore":62,"minecraft:andesite":4,"minecraft:anvil":1,"minecraft:flowering_azalea_leaves":1,"minecraft:vine":5,"iceandfire:gold_pile":15,"minecraft:bookshelf":25,"minecraft:pointed_dripstone":17,"minecraft:cave_vines":1,"minecraft:deepslate_iron_ore":43,"minecraft:lantern":1,"illagerinvasion:magic_fire":1,"minecraft:azalea_leaves":3,"luminousworld:groundpebbles_2":1,"minecraft:iron_block":1,"minecraft:stone":446,"iceandfire:podium_spruce":1,"minecraft:white_wool":7,"iceandfire:pixie_jar_empty":2,"minecraft:scaffolding":17,"minecraft:redstone_block":3,"minecraft:comparator":3,"minecraft:amethyst_cluster":3,"minecraft:observer":2,"minecraft:clay":2,"minecraft:oak_fence":1,"minecraft:crafting_table":12,"minecraft:torch":8,"minecraft:calcite":4,"minecraft:rose_bush":1,"minecraft:mushroom_stem":10,"minecraft:copper_ore":6,"minecraft:tall_grass":7,"quark:glow_shroom_block":1,"minecraft:cobblestone":52,"minecraft:deepslate_gold_ore":5,"minecraft:grindstone":2,"minecraft:sugar_cane":6,"minecraft:damaged_anvil":1,"minecraft:wall_torch":6,"minecraft:diorite":24,"minecraft:amethyst_block":7,"supplementaries:urn":24,"minecraft:purple_wool":3,"luminousworld:clovers_1":1,"minecraft:birch_leaves":8,"minecraft:tnt":5,"minecraft:grass":12,"minecraft:coal_ore":175,"minecraft:oak_log":65,"iceandfire:silver_pile":15,"luminousworld:ishstone":13,"ecologics:azalea_log":2,"minecraft:sand":71,"minecraft:dirt":20,"luminousworld:grassvariant_3":1,"minecraft:cobweb":1,"minecraft:smooth_basalt":2,"minecraft:red_mushroom_block":45,"minecraft:stone_bricks":4,"minecraft:gold_ore":23,"minecraft:oak_leaves":1,"minecraft:deepslate":145},"minecraft:crafted":{"minecraft:oak_planks":292,"minecraft:raw_iron":9,"minecraft:purple_bed":1,"minecraft:furnace":1,"minecraft:mushroom_stew":14,"minecraft:iron_boots":1,"minecraft:stone_pickaxe":3,"minecraft:wheat":459,"sophisticatedbackpacks:backpack":4,"minecraft:crafting_table":4,"minecraft:wooden_pickaxe":1,"minecraft:iron_sword":2,"minecraft:bowl":8,"minecraft:stone_axe":1,"minecraft:bread":177,"minecraft:air":0,"minecraft:string":28,"minecraft:iron_chestplate":1,"minecraft:shield":1,"minecraft:stick":72,"quark:oak_chest":4,"minecraft:iron_ingot":72,"minecraft:iron_pickaxe":4,"minecraft:wooden_axe":1,"minecraft:iron_shovel":2,"minecraft:iron_leggings":1,"minecraft:gold_ingot":31,"minecraft:torch":168,"ecologics:azalea_planks":8},"minecraft:picked_up":{"minecraft:crafting_table":12,"born_in_chaos_v1:diamond_termite_shard":2,"minecraft:wheat":13,"minecraft:purple_wool":3,"minecraft:redstone_block":3,"minecraft:anvil":1,"minecraft:clay_ball":50,"minecraft:brown_mushroom":18,"minecraft:stone_brick_wall":2,"minecraft:amethyst_block":9,"minecraft:string":15,"illagerinvasion:unusual_dust":1,"minecraft:raw_copper":16,"minecraft:iron_leggings":1,"minecraft:item_frame":1,"minecraft:experience_bottle":1,"minecraft:gold_nugget":127,"minecraft:cobbled_deepslate":131,"minecraft:comparator":3,"minecraft:beef":18,"minecraft:rose_bush":1,"minecraft:observer":2,"minecraft:azalea":2,"minecraft:iron_pickaxe":1,"minecraft:sugar_cane":12,"minecraft:iron_boots":1,"minecraft:furnace":4,"minecraft:dark_oak_sapling":4,"minecraft:raw_iron":65,"minecraft:big_dripleaf":2,"minecraft:copper_ingot":5,"minecraft:oak_fence":1,"minecraft:torch":41,"minecraft:bowl":3,"minecraft:spruce_fence":2,"tombstone:grave_dust":5,"minecraft:pointed_dripstone":60,"minecraft:diorite":14,"minecraft:carrot":12,"minecraft:redstone":14,"minecraft:tnt":5,"luminousworld:decorative_brown_mushroom_1":1,"minecraft:arrow":4,"minecraft:rotten_flesh":19,"minecraft:pumpkin_pie":2,"minecraft:hay_block":52,"minecraft:iron_block":1,"minecraft:gold_ingot":7,"supplementaries:ash":26,"alexsmobs:ghostly_pickaxe":3,"minecraft:glow_berries":16,"minecraft:white_wool":6,"minecraft:cobblestone":439,"born_in_chaos_v1:corpse_maggot":7,"minecraft:cooked_beef":18,"minecraft:andesite":4,"luminousworld:ishstone":22,"minecraft:leather":19,"minecraft:red_mushroom":22,"minecraft:tuff":16,"minecraft:oak_log":73,"minecraft:gunpowder":6,"minecraft:dirt":33,"minecraft:lantern":3,"minecraft:bone":30,"minecraft:apple":3,"minecraft:stone_bricks":4,"iceandfire:pixie_jar_empty":2,"minecraft:bow":1,"minecraft:raw_gold":28,"minecraft:grindstone":2,"minecraft:iron_ingot":49,"quark:glow_shroom":2,"tombstone:bag_of_seeds":1,"minecraft:diamond_helmet":1,"minecraft:iron_sword":2,"minecraft:book":75,"minecraft:scaffolding":26,"iceandfire:copper_nugget":70,"luminousworld:clovers_1":1,"ecologics:azalea_log":2,"iceandfire:podium_spruce":1,"minecraft:raw_iron_block":2,"earthmobsmod:harder_flesh":4,"minecraft:sand":172,"minecraft:amethyst_shard":24,"minecraft:white_bed":2,"minecraft:orange_wool":1,"minecraft:mossy_cobblestone":24,"minecraft:bundle":2,"minecraft:diamond":10,"iceandfire:lectern":1,"minecraft:granite":44,"minecraft:emerald":20,"minecraft:bread":14,"tombstone:magic_scroll":1,"minecraft:oak_sapling":2,"minecraft:damaged_anvil":1,"iceandfire:silver_nugget":50,"minecraft:coal":263,"minecraft:hopper":2,"minecraft:ender_pearl":2},"minecraft:killed":{"luminousworld:miner_zombie":2,"undead_revamp2:thehunter":1,"undead_revamp2:thegliter":1,"minecraft:vindicator":1,"minecraft:spider":1,"enemyexpansion:direwolf":2,"born_in_chaos_v1:maggot":5,"minecraft:horse":6,"minecraft:skeleton":4,"friendsandfoes:glare":1,"luminousworld:dark_oak_skeleton":3,"enemyexpansion:silverqueen":1,"minecraft:silverfish":1,"alexsmobs:underminer":1,"undead_revamp2:thespitter":1,"earthmobsmod:bouldering_zombie":3,"born_in_chaos_v1:diamond_termite":2,"earthmobsmod:lobber_zombie":1,"born_in_chaos_v1:decrepit_skeleton":2,"minecraft:zombie":5,"illagerinvasion:sorcerer":1,"born_in_chaos_v1:corpse_fly":5,"luminousworld:dark_oak_zombie":5,"minecraft:cow":10},"minecraft:broken":{"minecraft:wooden_pickaxe":1,"minecraft:stone_pickaxe":3,"alexsmobs:ghostly_pickaxe":1,"minecraft:iron_sword":1,"minecraft:iron_pickaxe":2,"minecraft:wooden_axe":1},"minecraft:dropped":{"minecraft:bread":14,"minecraft:iron_sword":1,"minecraft:brown_mushroom":4,"quark:glow_shroom":2,"minecraft:wheat_seeds":1,"luminousworld:ishstone":26,"minecraft:ender_pearl":1,"minecraft:glow_berries":3,"illagerinvasion:unusual_dust":1,"minecraft:apple":2,"minecraft:granite":43,"minecraft:copper_ingot":10,"minecraft:coal":6,"minecraft:red_mushroom":8,"minecraft:stick":3,"minecraft:dirt":22,"minecraft:diorite":24,"minecraft:torch":9,"minecraft:rose_bush":1,"minecraft:iron_leggings":1,"minecraft:gold_nugget":10,"minecraft:amethyst_shard":12,"minecraft:raw_iron_block":1,"alexsmobs:ghostly_pickaxe":2,"minecraft:iron_pickaxe":2,"minecraft:iron_shovel":1,"minecraft:paper":8,"luminousworld:clovers_1":1,"minecraft:redstone":4,"minecraft:bone":30,"minecraft:stone_axe":1,"alexsmobs:animal_dictionary":1,"minecraft:cobbled_deepslate":16,"minecraft:raw_copper":16,"minecraft:bowl":10,"minecraft:tuff":8,"minecraft:wheat":5,"minecraft:raw_iron":2,"minecraft:rotten_flesh":12,"minecraft:clay_ball":50,"minecraft:iron_boots":2,"earthmobsmod:harder_flesh":4,"minecraft:big_dripleaf":4,"supplementaries:ash":33,"minecraft:gunpowder":1,"minecraft:andesite":8,"minecraft:azalea":2,"minecraft:oak_sapling":2,"minecraft:arrow":4,"iceandfire:manuscript":340},"minecraft:killed_by":{"undead_revamp2:sucker":1,"undead_revamp2:thesomnolence":1,"minecraft:zombie":1,"enemyexpansion:invisicreeper":1,"undead_revamp2:thegliter":1},"minecraft:used":{"minecraft:oak_fence":1,"minecraft:iron_shovel":62,"minecraft:shield":115,"minecraft:iron_sword":274,"minecraft:rotten_flesh":2,"minecraft:stick":1,"minecraft:torch":178,"minecraft:dirt":11,"minecraft:orange_wool":1,"minecraft:tuff":8,"minecraft:granite":1,"minecraft:spruce_fence":2,"born_in_chaos_v1:corpse_maggot":7,"minecraft:wooden_axe":61,"minecraft:lantern":3,"minecraft:iron_boots":1,"alexsmobs:ghostly_pickaxe":201,"minecraft:stone_bricks":4,"minecraft:hay_block":1,"minecraft:furnace":5,"tombstone:gift":3,"luminousworld:decorative_brown_mushroom_1":1,"minecraft:cobbled_deepslate":140,"ecologics:azalea_planks":8,"minecraft:amethyst_block":7,"minecraft:bundle":1,"minecraft:stone_pickaxe":391,"minecraft:wooden_pickaxe":61,"minecraft:golden_apple":1,"minecraft:glow_berries":20,"minecraft:sand":2,"minecraft:crafting_table":15,"minecraft:mushroom_stew":14,"minecraft:white_bed":2,"minecraft:stone_brick_wall":2,"minecraft:apple":4,"minecraft:bread":11,"minecraft:iron_pickaxe":608,"minecraft:map":1,"minecraft:stone_axe":125,"minecraft:cobblestone":132,"minecraft:purple_bed":1,"alexsmobs:animal_dictionary":1,"minecraft:pumpkin_pie":2},"minecraft:custom":{"minecraft:mob_kills":70,"minecraft:animals_bred":4,"minecraft:interact_with_crafting_table":42,"minecraft:open_barrel":8,"minecraft:interact_with_campfire":18,"minecraft:damage_dealt_resisted":560,"minecraft:eat_cake_slice":2,"minecraft:leave_game":3,"minecraft:time_since_death":118214,"minecraft:climb_one_cm":9390,"minecraft:sprint_one_cm":419827,"minecraft:walk_one_cm":514187,"minecraft:damage_blocked_by_shield":2935,"minecraft:drop":98,"minecraft:talked_to_villager":7,"minecraft:play_time":222767,"minecraft:sneak_time":8665,"minecraft:deaths":6,"minecraft:walk_under_water_one_cm":22396,"minecraft:jump":2053,"minecraft:walk_on_water_one_cm":20753,"minecraft:total_world_time":222767,"minecraft:interact_with_furnace":27,"tombstone:raider_killed":2,"minecraft:sleep_in_bed":8,"minecraft:time_since_rest":298,"minecraft:damage_taken":3100,"minecraft:damage_absorbed":41,"minecraft:damage_dealt":12757,"minecraft:swim_one_cm":6354,"minecraft:fly_one_cm":475795,"minecraft:open_chest":51,"minecraft:crouch_one_cm":17686,"tombstone:undead_killed":28,"minecraft:fall_one_cm":39833,"minecraft:interact_with_smoker":1}},"DataVersion":3465}