{"stats":{"minecraft:broken":{"minecraft:iron_chestplate":1,"minecraft:iron_leggings":1,"minecraft:stone_pickaxe":3,"minecraft:iron_sword":2,"minecraft:wooden_axe":1,"minecraft:flint_and_steel":1,"minecraft:wooden_pickaxe":1,"alexsmobs:ghostly_pickaxe":1,"minecraft:iron_pickaxe":4},"minecraft:killed_by":{"undead_revamp2:sucker":1,"minecraft:wither_skeleton":1,"minecraft:silverfish":1,"minecraft:zombie":1,"enemyexpansion:invisicreeper":1,"undead_revamp2:thegliter":1,"undead_revamp2:thesomnolence":1},"minecraft:crafted":{"minecraft:oak_planks":292,"minecraft:purple_bed":2,"minecraft:iron_boots":1,"sophisticatedbackpacks:backpack":4,"minecraft:crafting_table":5,"minecraft:wooden_pickaxe":1,"minecraft:string":28,"minecraft:iron_chestplate":1,"minecraft:shield":1,"quark:oak_chest":4,"minecraft:stick":84,"minecraft:iron_ingot":72,"minecraft:iron_pickaxe":4,"minecraft:gold_ingot":31,"minecraft:raw_iron":9,"minecraft:furnace":1,"minecraft:mushroom_stew":14,"minecraft:stone_pickaxe":3,"minecraft:dark_oak_planks":4,"minecraft:wheat":459,"minecraft:iron_sword":2,"minecraft:bowl":8,"minecraft:stone_axe":1,"minecraft:bread":177,"minecraft:air":0,"minecraft:wooden_axe":1,"minecraft:iron_shovel":2,"minecraft:iron_leggings":1,"minecraft:torch":216,"ecologics:azalea_planks":8},"minecraft:custom":{"minecraft:animals_bred":4,"minecraft:interact_with_crafting_table":43,"minecraft:open_barrel":48,"minecraft:eat_cake_slice":2,"minecraft:leave_game":5,"minecraft:time_since_death":20052,"minecraft:damage_resisted":1434,"minecraft:sprint_one_cm":552460,"minecraft:damage_blocked_by_shield":3030,"minecraft:drop":128,"minecraft:talked_to_villager":7,"minecraft:play_time":431027,"minecraft:deaths":8,"minecraft:jump":3391,"minecraft:walk_on_water_one_cm":65866,"minecraft:interact_with_furnace":27,"minecraft:sleep_in_bed":9,"minecraft:damage_dealt":42571,"minecraft:crouch_one_cm":39878,"tombstone:undead_killed":74,"minecraft:interact_with_smoker":1,"minecraft:inspect_dispenser":7,"minecraft:inspect_dropper":1,"minecraft:mob_kills":257,"minecraft:interact_with_campfire":18,"minecraft:damage_dealt_resisted":617,"minecraft:climb_one_cm":10104,"minecraft:walk_one_cm":904262,"minecraft:sneak_time":16763,"minecraft:walk_under_water_one_cm":47025,"minecraft:total_world_time":431027,"tombstone:raider_killed":5,"minecraft:time_since_rest":19529,"minecraft:damage_taken":6679,"minecraft:damage_absorbed":3171,"minecraft:trigger_trapped_chest":4,"minecraft:swim_one_cm":10415,"minecraft:fly_one_cm":1058527,"minecraft:open_chest":77,"minecraft:fall_one_cm":76856},"minecraft:dropped":{"minecraft:iron_sword":2,"minecraft:piston":1,"minecraft:brown_mushroom":4,"quark:glow_shroom":2,"minecraft:ender_pearl":1,"minecraft:glow_berries":3,"illagerinvasion:unusual_dust":1,"minecraft:saddle":1,"minecraft:red_mushroom":8,"minecraft:dirt":22,"minecraft:gold_nugget":10,"minecraft:amethyst_shard":12,"minecraft:iron_pickaxe":2,"luminousworld:clovers_1":1,"minecraft:bone":30,"minecraft:stone_axe":1,"alexsmobs:animal_dictionary":1,"minecraft:cobbled_deepslate":16,"minecraft:wheat":5,"minecraft:rotten_flesh":19,"minecraft:chainmail_chestplate":1,"supplementaries:ash":86,"minecraft:gunpowder":1,"minecraft:stone_brick_wall":10,"minecraft:azalea":2,"minecraft:arrow":4,"iceandfire:manuscript":340,"minecraft:bread":14,"minecraft:wheat_seeds":1,"luminousworld:ishstone":26,"minecraft:cobblestone":4,"minecraft:apple":2,"minecraft:granite":43,"minecraft:copper_ingot":10,"minecraft:coal":6,"minecraft:stick":3,"minecraft:diorite":24,"minecraft:torch":9,"minecraft:rose_bush":1,"minecraft:iron_leggings":1,"minecraft:raw_iron_block":1,"alexsmobs:ghostly_pickaxe":2,"minecraft:iron_shovel":1,"minecraft:paper":8,"minecraft:dandelion":1,"minecraft:redstone":4,"minecraft:cobblestone_wall":10,"minecraft:raw_copper":16,"minecraft:bowl":10,"minecraft:tuff":8,"minecraft:raw_iron":2,"minecraft:clay_ball":50,"minecraft:iron_boots":2,"earthmobsmod:harder_flesh":4,"minecraft:big_dripleaf":4,"minecraft:andesite":8,"minecraft:mossy_stone_bricks":1,"minecraft:oak_sapling":2,"minecraft:stone_bricks":5},"minecraft:picked_up":{"minecraft:iron_chestplate":1,"minecraft:wheat":13,"minecraft:redstone_block":3,"minecraft:anvil":1,"minecraft:enchanted_book":1,"minecraft:amethyst_block":9,"minecraft:string":24,"minecraft:raw_copper":16,"minecraft:sticky_piston":2,"minecraft:iron_leggings":1,"minecraft:experience_bottle":2,"minecraft:gold_nugget":127,"minecraft:cobbled_deepslate":131,"minecraft:comparator":5,"minecraft:bucket":13,"minecraft:spruce_planks":4,"minecraft:rose_bush":1,"minecraft:redstone_torch":86,"minecraft:azalea":2,"minecraft:iron_pickaxe":1,"minecraft:furnace":4,"minecraft:iron_boots":3,"iceandfire:pixie_dust":5,"minecraft:big_dripleaf":2,"minecraft:oak_fence":1,"minecraft:torch":93,"minecraft:porkchop":43,"minecraft:pointed_dripstone":60,"tombstone:grave_dust":9,"minecraft:diorite":14,"minecraft:cauldron":1,"minecraft:rotten_flesh":34,"minecraft:iron_block":1,"supplementaries:ash":117,"minecraft:cobblestone":477,"minecraft:magma_block":143,"minecraft:cooked_beef":18,"minecraft:repeater":77,"minecraft:water_bucket":98,"minecraft:andesite":4,"minecraft:tuff":16,"minecraft:wither_skeleton_skull":3,"minecraft:dirt":33,"minecraft:lantern":3,"minecraft:bone":74,"minecraft:bow":2,"minecraft:wheat_seeds":1,"minecraft:raw_gold":28,"minecraft:grindstone":2,"minecraft:mossy_stone_bricks":2,"minecraft:diamond_helmet":1,"minecraft:bamboo":110,"ecologics:azalea_log":2,"iceandfire:podium_spruce":1,"minecraft:stripped_acacia_wood":1,"earthmobsmod:harder_flesh":4,"minecraft:sand":172,"minecraft:dark_oak_log":1,"minecraft:mossy_cobblestone":66,"minecraft:orange_wool":1,"minecraft:bundle":2,"minecraft:iron_hoe":2,"minecraft:dispenser":114,"minecraft:diamond":10,"iceandfire:lectern":1,"minecraft:granite":44,"minecraft:emerald":37,"minecraft:bread":14,"minecraft:oak_sapling":2,"iceandfire:silver_nugget":50,"minecraft:crafting_table":12,"born_in_chaos_v1:diamond_termite_shard":2,"minecraft:purple_wool":6,"iceandfire:witherbone":21,"minecraft:clay_ball":50,"minecraft:brown_mushroom":18,"minecraft:stone_brick_wall":12,"illagerinvasion:unusual_dust":1,"minecraft:item_frame":1,"minecraft:iron_shovel":2,"minecraft:beef":18,"minecraft:observer":6,"minecraft:sugar_cane":12,"minecraft:piston":2,"minecraft:phantom_membrane":1,"minecraft:dark_oak_sapling":4,"minecraft:raw_iron":65,"minecraft:copper_ingot":5,"minecraft:bowl":3,"minecraft:spruce_fence":2,"sophisticatedbackpacks:backpack":1,"born_in_chaos_v1:pieceofdarkmetal":3,"minecraft:carrot":12,"minecraft:redstone":39,"minecraft:tnt":5,"luminousworld:decorative_brown_mushroom_1":1,"iceandfire:cyclops_eye":1,"iceandfire:pixie_jar_0":1,"minecraft:arrow":8,"minecraft:pumpkin_pie":2,"minecraft:hay_block":52,"tombstone:essence_of_undeath":1,"minecraft:gold_ingot":7,"alexsmobs:ghostly_pickaxe":3,"minecraft:glow_berries":16,"minecraft:mutton":8,"minecraft:white_wool":14,"born_in_chaos_v1:corpse_maggot":8,"luminousworld:ishstone":22,"minecraft:leather":33,"minecraft:red_mushroom":22,"minecraft:oak_log":73,"minecraft:chainmail_chestplate":1,"minecraft:cobblestone_wall":11,"iceandfire:pixie_jar_3":2,"minecraft:gunpowder":9,"tombstone:gift":1,"iceandfire:pixie_jar_empty":2,"minecraft:apple":3,"minecraft:stone_bricks":9,"minecraft:iron_ingot":49,"quark:glow_shroom":2,"tombstone:bag_of_seeds":2,"minecraft:iron_sword":4,"minecraft:book":75,"minecraft:scaffolding":26,"iceandfire:copper_nugget":70,"enemyexpansion:phantom_eye":1,"luminousworld:clovers_1":1,"minecraft:dandelion":1,"minecraft:raw_iron_block":2,"minecraft:amethyst_shard":24,"minecraft:white_bed":2,"minecraft:slime_ball":4,"tombstone:magic_scroll":3,"minecraft:damaged_anvil":1,"minecraft:coal":284,"minecraft:hopper":5,"minecraft:ender_pearl":2},"minecraft:killed":{"luminousworld:miner_zombie":2,"minecraft:spider":1,"minecraft:skeleton":7,"friendsandfoes:glare":1,"luminousworld:dark_oak_skeleton":3,"minecraft:silverfish":100,"undead_revamp2:thepregnant":1,"undead_revamp2:thespitter":1,"born_in_chaos_v1:diamond_termite":2,"earthmobsmod:lobber_zombie":1,"minecraft:creeper":3,"minecraft:sheep":4,"minecraft:zombie":7,"born_in_chaos_v1:corpse_fly":5,"illagerinvasion:sorcerer":1,"enemyexpansion:botfly":3,"luminousworld:dark_oak_zombie":5,"minecraft:cow":10,"undead_revamp2:thehunter":3,"undead_revamp2:thegliter":1,"minecraft:vindicator":1,"enemyexpansion:direwolf":3,"born_in_chaos_v1:zombie_bruiser":1,"born_in_chaos_v1:maggot":6,"minecraft:phantom":3,"minecraft:horse":6,"enemyexpansion:silverqueen":1,"alexsmobs:underminer":1,"enemyexpansion:goblin":2,"earthmobsmod:bouldering_zombie":3,"iceandfire:cyclops":1,"undead_revamp2:the_moonflower":1,"minecraft:hoglin":13,"born_in_chaos_v1:decrepit_skeleton":2,"iceandfire:ghost":1,"minecraft:wither_skeleton":31,"enemyexpansion:slugger":1},"minecraft:mined":{"minecraft:spruce_planks":4,"minecraft:white_bed":2,"luminousworld:autumnleaves":10,"iceandfire:copper_pile":10,"minecraft:sculk_vein":2,"minecraft:orange_wool":1,"minecraft:granite":44,"minecraft:grass_block":13,"minecraft:stone_brick_wall":8,"minecraft:infested_cobblestone":42,"iceandfire:lectern":1,"minecraft:hopper":5,"minecraft:spawner":8,"minecraft:magma_block":143,"minecraft:raw_iron_block":1,"minecraft:iron_ore":62,"minecraft:fire":4,"minecraft:anvil":1,"minecraft:pointed_dripstone":17,"minecraft:cave_vines":1,"iceandfire:gold_pile":15,"minecraft:flowering_azalea_leaves":1,"illagerinvasion:magic_fire":1,"minecraft:azalea_leaves":3,"minecraft:iron_block":1,"minecraft:tripwire":5,"minecraft:piston_head":3,"minecraft:amethyst_cluster":3,"minecraft:clay":2,"minecraft:torch":10,"minecraft:calcite":4,"minecraft:mushroom_stem":10,"minecraft:cobblestone":91,"minecraft:grindstone":2,"minecraft:sugar_cane":6,"minecraft:damaged_anvil":1,"minecraft:wall_torch":8,"minecraft:amethyst_block":7,"minecraft:cauldron":1,"minecraft:repeater":47,"luminousworld:clovers_1":1,"minecraft:tnt":5,"minecraft:grass":13,"minecraft:oak_log":65,"ecologics:azalea_log":2,"minecraft:sand":71,"minecraft:dirt":20,"luminousworld:grassvariant_3":1,"minecraft:smooth_basalt":2,"minecraft:red_mushroom_block":45,"minecraft:dispenser":114,"minecraft:piston":1,"minecraft:oak_leaves":1,"minecraft:deepslate":145,"minecraft:tuff":36,"minecraft:mossy_cobblestone":66,"minecraft:dark_oak_leaves":24,"minecraft:deepslate_diamond_ore":5,"minecraft:dark_oak_log":1,"born_in_chaos_v1:infected_diamond_ore":1,"minecraft:redstone_wire":22,"luminousworld:grassvariant_2":1,"minecraft:brown_mushroom_block":45,"luminousworld:decorative_brown_mushroom_1":1,"minecraft:spruce_leaves":22,"minecraft:moss_block":1,"minecraft:hay_block":52,"minecraft:redstone_ore":1,"minecraft:furnace":4,"minecraft:andesite":4,"minecraft:bookshelf":25,"minecraft:deepslate_iron_ore":43,"minecraft:vine":5,"minecraft:lantern":1,"luminousworld:groundpebbles_2":1,"minecraft:bamboo":8,"minecraft:stone":447,"iceandfire:podium_spruce":1,"minecraft:white_wool":7,"minecraft:redstone_wall_torch":38,"iceandfire:pixie_jar_empty":2,"minecraft:scaffolding":17,"minecraft:redstone_block":3,"minecraft:comparator":5,"minecraft:infested_stone_bricks":1,"minecraft:observer":6,"minecraft:oak_fence":1,"minecraft:crafting_table":12,"minecraft:rose_bush":1,"quark:glow_shroom_block":1,"minecraft:tall_grass":7,"minecraft:copper_ore":6,"minecraft:deepslate_gold_ore":5,"minecraft:diorite":24,"supplementaries:urn":24,"minecraft:purple_wool":6,"minecraft:cobblestone_wall":4,"minecraft:redstone_torch":3,"minecraft:birch_leaves":8,"minecraft:coal_ore":175,"iceandfire:silver_pile":15,"luminousworld:ishstone":13,"minecraft:cobweb":3,"minecraft:stripped_acacia_wood":1,"minecraft:stone_bricks":7,"minecraft:mossy_stone_bricks":2,"minecraft:gold_ore":23},"minecraft:used":{"minecraft:iron_shovel":62,"minecraft:shield":119,"minecraft:iron_sword":914,"minecraft:rotten_flesh":2,"minecraft:iron_chestplate":1,"minecraft:orange_wool":1,"minecraft:tuff":8,"born_in_chaos_v1:corpse_maggot":7,"minecraft:lava_bucket":75,"minecraft:lantern":3,"minecraft:stone_bricks":4,"minecraft:hay_block":1,"minecraft:furnace":5,"luminousworld:decorative_brown_mushroom_1":1,"minecraft:stone_pickaxe":391,"minecraft:wooden_pickaxe":61,"minecraft:golden_apple":1,"minecraft:glow_berries":20,"minecraft:sand":2,"minecraft:mushroom_stew":14,"minecraft:stone_brick_wall":2,"minecraft:bread":18,"minecraft:oak_fence":1,"minecraft:flint_and_steel":122,"minecraft:redstone":1,"minecraft:stick":1,"minecraft:torch":360,"minecraft:dirt":11,"minecraft:cobblestone_wall":1,"minecraft:granite":1,"minecraft:spruce_fence":2,"minecraft:wooden_axe":61,"minecraft:iron_boots":1,"alexsmobs:ghostly_pickaxe":201,"tombstone:gift":9,"minecraft:enchanted_golden_apple":27,"minecraft:cobbled_deepslate":140,"ecologics:azalea_planks":8,"minecraft:water_bucket":155,"minecraft:amethyst_block":7,"minecraft:bundle":1,"minecraft:crafting_table":16,"minecraft:white_bed":2,"minecraft:diamond_pickaxe":21,"minecraft:apple":4,"minecraft:iron_pickaxe":1075,"minecraft:map":1,"minecraft:stone_axe":125,"minecraft:cobblestone":310,"minecraft:purple_bed":1,"minecraft:bucket":131,"minecraft:pumpkin_pie":2,"alexsmobs:animal_dictionary":1}},"DataVersion":3465}