{"stats":{"minecraft:killed_by":{"undead_revamp2:sucker":1,"minecraft:wither_skeleton":1,"minecraft:silverfish":1,"minecraft:zombie":1,"enemyexpansion:invisicreeper":1,"undead_revamp2:thegliter":1,"undead_revamp2:thesomnolence":1},"minecraft:dropped":{"minecraft:iron_sword":2,"minecraft:piston":1,"minecraft:brown_mushroom":4,"minecraft:stripped_mangrove_wood":1,"quark:glow_shroom":2,"luminousworld:yellowpetunias":2,"minecraft:baked_potato":1,"minecraft:ender_pearl":1,"luminousworld:white_petunias":1,"minecraft:glow_berries":3,"illagerinvasion:unusual_dust":1,"minecraft:saddle":1,"enchantinginfuser:advanced_enchanting_infuser":1,"minecraft:red_mushroom":8,"minecraft:dirt":30,"minecraft:grass":1,"minecraft:cornflower":1,"minecraft:gold_nugget":11,"minecraft:amethyst_shard":12,"iceandfire:ash":4,"minecraft:iron_pickaxe":2,"luminousworld:clovers_1":1,"minecraft:bone":34,"minecraft:stone_axe":1,"alexsmobs:animal_dictionary":1,"minecraft:cobbled_deepslate":16,"minecraft:wheat":5,"undead_revamp2:arapholia":5,"minecraft:rotten_flesh":36,"minecraft:white_bed":3,"minecraft:carrot":1216,"minecraft:chainmail_chestplate":1,"minecraft:poppy":64,"supplementaries:ash":147,"luminousworld:grassflowers":11,"minecraft:gunpowder":1,"minecraft:stone_brick_wall":10,"minecraft:chainmail_boots":24,"minecraft:azalea":2,"minecraft:ladder":4,"minecraft:arrow":5,"minecraft:glass":4,"minecraft:beef":2,"minecraft:written_book":1,"iceandfire:manuscript":340,"minecraft:lectern":1,"minecraft:bread":14,"minecraft:iron_ingot":5855,"minecraft:water_bucket":1,"luminousworld:sunset_petunias":2,"minecraft:wheat_seeds":22,"luminousworld:ishstone":26,"minecraft:bookshelf":1,"minecraft:cobblestone":23,"minecraft:apple":2,"minecraft:granite":43,"minecraft:copper_ingot":12,"minecraft:grass_block":1,"minecraft:coal":6,"minecraft:stick":3,"minecraft:diorite":24,"iceandfire:copper_nugget":432,"minecraft:torch":9,"minecraft:rose_bush":2,"minecraft:iron_leggings":11,"minecraft:raw_iron_block":1,"alexsmobs:ghostly_pickaxe":2,"minecraft:iron_shovel":1,"minecraft:paper":10,"minecraft:dandelion":8,"minecraft:stone_brick_slab":2,"minecraft:redstone":4,"minecraft:oak_trapdoor":1,"minecraft:raw_copper":16,"minecraft:cobblestone_wall":10,"minecraft:dark_oak_sign":1,"minecraft:cocoa_beans":2,"minecraft:bowl":10,"minecraft:tuff":8,"minecraft:raw_iron":2,"minecraft:clay_ball":95,"minecraft:iron_boots":2,"minecraft:villager_spawn_egg":2,"minecraft:stripped_acacia_wood":1,"earthmobsmod:harder_flesh":4,"minecraft:big_dripleaf":4,"minecraft:oak_button":64,"minecraft:allium":9,"minecraft:diamond_pickaxe":2,"luminousworld:groundpebbles_1":2,"minecraft:andesite":8,"minecraft:mossy_stone_bricks":1,"minecraft:oak_sapling":3,"minecraft:stone_bricks":6,"luminousworld:blue_petunias":3,"luminousworld:purple_petunias":3},"minecraft:killed":{"illagerinvasion:archivist":2,"luminousworld:miner_zombie":2,"enemyexpansion:equestrian":1,"minecraft:spider":3,"born_in_chaos_v1:siamese_skeletonsright":1,"illagerinvasion:basher":4,"minecraft:skeleton":15,"friendsandfoes:glare":1,"luminousworld:dark_oak_skeleton":3,"illagerinvasion:provoker":2,"minecraft:silverfish":100,"undead_revamp2:thepregnant":1,"undead_revamp2:thespitter":2,"earthmobsmod:viler_witch":1,"born_in_chaos_v1:diamond_termite":2,"earthmobsmod:lobber_zombie":1,"minecraft:iron_golem":1,"illagerinvasion:alchemist":1,"minecraft:creeper":7,"minecraft:sheep":4,"minecraft:trader_llama":2,"minecraft:pillager":11,"minecraft:zombie":15,"illagerinvasion:sorcerer":1,"born_in_chaos_v1:corpse_fly":5,"enemyexpansion:botfly":3,"bettermobs:capivara":1,"iceandfire:lightning_dragon":1,"mutantmonsters:mutant_creeper":1,"luminousworld:dark_oak_zombie":5,"takesapillage:archer":2,"born_in_chaos_v1:siamese_skeletonsleft":1,"minecraft:cow":10,"undead_revamp2:thehunter":3,"undead_revamp2:thegliter":1,"minecraft:vindicator":3,"illagerinvasion:marauder":4,"enemyexpansion:direwolf":3,"born_in_chaos_v1:zombie_bruiser":1,"born_in_chaos_v1:maggot":7,"minecraft:phantom":3,"minecraft:horse":6,"iceandfire:fire_dragon":1,"undead_revamp2:coppertar":1,"takesapillage:clay_golem":1,"enemyexpansion:silverqueen":1,"luminousworld:monarch":1,"alexsmobs:underminer":1,"born_in_chaos_v1:corpse_fish":3,"undead_revamp2:thehorrors":1,"enemyexpansion:goblin":3,"born_in_chaos_v1:barrel_zombie":1,"luminousworld:firefly":1,"minecraft:husk":8,"earthmobsmod:bouldering_zombie":3,"iceandfire:cyclops":1,"takesapillage:skirmisher":1,"undead_revamp2:the_moonflower":1,"minecraft:ravager":1,"minecraft:hoglin":13,"born_in_chaos_v1:decrepit_skeleton":2,"iceandfire:ghost":1,"minecraft:wither_skeleton":31,"minecraft:villager":5,"enemyexpansion:slugger":1},"minecraft:picked_up":{"minecraft:chainmail_boots":25,"minecraft:iron_chestplate":2,"minecraft:birch_door":1,"minecraft:wheat":13,"minecraft:redstone_block":3,"illagerinvasion:platinum_chunk":8,"minecraft:anvil":1,"minecraft:smithing_table":1,"minecraft:lead":2,"minecraft:enchanted_book":1,"minecraft:amethyst_block":9,"minecraft:string":24,"minecraft:raw_copper":16,"minecraft:iron_leggings":11,"minecraft:sticky_piston":2,"minecraft:experience_bottle":3,"minecraft:gold_nugget":641,"minecraft:cobbled_deepslate":131,"minecraft:comparator":10,"minecraft:bucket":13,"minecraft:spruce_planks":4,"minecraft:rose_bush":2,"minecraft:redstone_torch":105,"minecraft:azalea":2,"minecraft:iron_pickaxe":2,"minecraft:coal_block":32,"minecraft:iron_boots":3,"minecraft:furnace":5,"iceandfire:pixie_dust":5,"minecraft:stick":7,"ecologics:walnut_log":3,"minecraft:big_dripleaf":2,"minecraft:oak_fence":1,"minecraft:torch":94,"minecraft:porkchop":43,"iceandfire:crackled_gravel":4,"tombstone:grave_dust":13,"minecraft:pointed_dripstone":60,"minecraft:diorite":14,"minecraft:cauldron":1,"luminousworld:grassflowers":11,"minecraft:honey_bottle":1,"minecraft:rotten_flesh":56,"iceandfire:fire_dragon_heart":1,"minecraft:iron_block":3,"minecraft:carved_pumpkin":1,"supplementaries:ash":138,"undead_revamp2:arapholia":5,"minecraft:cobblestone":525,"minecraft:magma_block":143,"minecraft:cooked_beef":18,"minecraft:repeater":79,"minecraft:andesite":4,"minecraft:water_bucket":99,"minecraft:jungle_log":1,"minecraft:tuff":16,"luminousworld:purple_petunias":3,"minecraft:wither_skeleton_skull":3,"minecraft:dirt":2994,"minecraft:lantern":5,"born_in_chaos_v1:marigolds":1,"minecraft:glass":1,"minecraft:bone":79,"minecraft:bow":3,"minecraft:wheat_seeds":54,"minecraft:raw_gold":28,"minecraft:grindstone":2,"minecraft:dark_oak_sign":1,"minecraft:mossy_stone_bricks":2,"minecraft:diamond_helmet":1,"minecraft:bamboo":110,"iceandfire:dragonscales_amythest":28,"ecologics:azalea_log":2,"minecraft:cooked_porkchop":3,"iceandfire:podium_spruce":1,"minecraft:stripped_acacia_wood":1,"torchmaster:megatorch":2,"earthmobsmod:harder_flesh":4,"iceandfire:dragon_skull_fire":1,"minecraft:sand":172,"iceandfire:lightning_dragon_heart":1,"minecraft:orange_wool":1,"minecraft:dark_oak_log":167,"minecraft:mossy_cobblestone":66,"undead_revamp2:acidsack":1,"minecraft:bundle":2,"minecraft:iron_hoe":3,"minecraft:dispenser":114,"minecraft:diamond":10,"iceandfire:lectern":1,"luminousworld:yellowpetunias":2,"minecraft:granite":44,"minecraft:bone_meal":2,"minecraft:golden_apple":3,"minecraft:chainmail_helmet":2,"minecraft:emerald":95,"minecraft:bread":14,"born_in_chaos_v1:rotten_fish":2,"minecraft:oak_sapling":3,"iceandfire:silver_nugget":60,"minecraft:diamond_pickaxe":1,"iceandfire:dragon_skull_lightning":1,"minecraft:mud":37,"minecraft:cocoa_beans":4,"luminousworld:groundpebbles_1":2,"minecraft:crafting_table":14,"born_in_chaos_v1:diamond_termite_shard":2,"minecraft:purple_wool":6,"iceandfire:witherbone":21,"minecraft:ladder":5,"minecraft:clay_ball":55,"minecraft:brown_mushroom":18,"minecraft:stone_brick_wall":12,"quark:dark_oak_chest":1,"minecraft:fire_coral":1,"minecraft:cornflower":1,"illagerinvasion:unusual_dust":1,"minecraft:iron_axe":1,"minecraft:item_frame":3,"minecraft:iron_shovel":2,"takesapillage:ravager_horn":1,"minecraft:cyan_carpet":3,"iceandfire:hydra_fang":2,"minecraft:beef":24,"minecraft:observer":6,"minecraft:iron_nugget":19,"minecraft:poppy":4,"minecraft:sugar_cane":12,"minecraft:phantom_membrane":1,"minecraft:piston":2,"minecraft:dark_oak_sapling":35,"minecraft:raw_iron":66,"iceandfire:dragonbone":22,"iceandfire:dragonscales_gray":21,"luminousworld:blue_petunias":3,"minecraft:copper_ingot":5,"minecraft:bowl":3,"sophisticatedbackpacks:backpack":1,"minecraft:spruce_fence":2,"born_in_chaos_v1:pieceofdarkmetal":3,"minecraft:carrot":15,"minecraft:redstone":55,"minecraft:stone_pressure_plate":1,"minecraft:tnt":5,"luminousworld:decorative_brown_mushroom_1":1,"iceandfire:pixie_jar_0":1,"minecraft:arrow":16,"iceandfire:cyclops_eye":1,"minecraft:pumpkin_pie":4,"minecraft:hay_block":64,"minecraft:gold_ingot":7,"tombstone:essence_of_undeath":1,"minecraft:glow_berries":16,"alexsmobs:ghostly_pickaxe":3,"minecraft:mutton":8,"minecraft:white_wool":14,"minecraft:rail":1,"born_in_chaos_v1:fused_bone":2,"born_in_chaos_v1:corpse_maggot":10,"luminousworld:ishstone":22,"minecraft:leather":37,"minecraft:red_mushroom":22,"minecraft:oak_log":77,"minecraft:chainmail_chestplate":1,"minecraft:cobblestone_wall":11,"iceandfire:pixie_jar_3":2,"minecraft:gunpowder":13,"minecraft:paper":1,"minecraft:white_banner":4,"tombstone:gift":1,"minecraft:gray_carpet":2,"minecraft:apple":8,"minecraft:stone_bricks":9,"iceandfire:pixie_jar_empty":5,"minecraft:iron_ingot":5049,"quark:glow_shroom":2,"tombstone:bag_of_seeds":2,"minecraft:glass_bottle":3,"luminousworld:white_petunias":1,"minecraft:iron_sword":5,"minecraft:book":76,"minecraft:scaffolding":26,"iceandfire:copper_nugget":972,"enemyexpansion:phantom_eye":1,"luminousworld:clovers_1":1,"minecraft:stone_brick_slab":1,"iceandfire:ash":4,"minecraft:dandelion":16,"minecraft:raw_iron_block":2,"luminousworld:sunset_petunias":2,"minecraft:amethyst_shard":24,"minecraft:white_bed":5,"minecraft:spider_eye":1,"minecraft:purple_bed":4,"minecraft:slime_ball":4,"minecraft:chainmail_leggings":1,"minecraft:iron_helmet":1,"minecraft:oak_button":1,"tombstone:magic_scroll":3,"minecraft:damaged_anvil":1,"minecraft:coal":285,"minecraft:hopper":5,"minecraft:ender_pearl":2},"minecraft:broken":{"minecraft:iron_chestplate":1,"minecraft:iron_leggings":1,"minecraft:stone_pickaxe":3,"minecraft:diamond_shovel":1,"minecraft:iron_sword":2,"minecraft:wooden_axe":1,"minecraft:flint_and_steel":2,"minecraft:wooden_pickaxe":1,"alexsmobs:ghostly_pickaxe":1,"minecraft:iron_pickaxe":4},"minecraft:crafted":{"minecraft:oak_planks":308,"minecraft:purple_bed":2,"ecologics:walnut_planks":12,"minecraft:iron_boots":1,"minecraft:chest":1,"iceandfire:manuscript":4,"minecraft:emerald":1,"sophisticatedbackpacks:backpack":4,"minecraft:diamond_axe":1,"minecraft:crafting_table":8,"minecraft:wooden_pickaxe":1,"minecraft:copper_ingot":72,"minecraft:string":28,"minecraft:iron_chestplate":1,"minecraft:shield":1,"minecraft:stick":92,"quark:oak_chest":4,"minecraft:iron_ingot":82,"minecraft:iron_pickaxe":4,"minecraft:iron_block":968,"minecraft:gold_ingot":103,"minecraft:raw_iron":9,"minecraft:iron_nugget":24,"minecraft:furnace":1,"minecraft:mushroom_stew":14,"minecraft:bone_meal":138,"quark:dark_oak_chest":32,"minecraft:stone_pickaxe":3,"minecraft:spruce_sapling":8,"minecraft:dark_oak_planks":408,"minecraft:wheat":459,"iceandfire:dragon_meal":64,"minecraft:iron_sword":2,"minecraft:bowl":8,"minecraft:stone_axe":1,"minecraft:enchanted_book":19,"minecraft:bread":177,"minecraft:air":0,"minecraft:jungle_planks":4,"minecraft:oak_fence_gate":1,"minecraft:chainmail_boots":12,"minecraft:wooden_axe":1,"minecraft:iron_shovel":2,"minecraft:iron_leggings":11,"minecraft:torch":216,"ecologics:azalea_planks":8},"minecraft:custom":{"minecraft:animals_bred":4,"minecraft:interact_with_crafting_table":63,"minecraft:open_barrel":57,"minecraft:eat_cake_slice":9,"minecraft:leave_game":8,"minecraft:time_since_death":623478,"minecraft:damage_resisted":1487,"minecraft:sprint_one_cm":1044504,"minecraft:damage_blocked_by_shield":3110,"minecraft:drop":380,"minecraft:talked_to_villager":136,"minecraft:play_time":1034453,"minecraft:deaths":8,"minecraft:jump":6079,"minecraft:walk_on_water_one_cm":104354,"minecraft:enchant_item":7,"minecraft:interact_with_furnace":36,"minecraft:traded_with_villager":51,"minecraft:sleep_in_bed":23,"minecraft:damage_dealt":82181,"minecraft:crouch_one_cm":149516,"tombstone:undead_killed":104,"tombstone:villager_killed":5,"minecraft:interact_with_smoker":2,"minecraft:interact_with_smithing_table":3,"minecraft:inspect_dispenser":19,"minecraft:inspect_dropper":1,"minecraft:interact_with_anvil":2,"minecraft:mob_kills":350,"minecraft:inspect_hopper":88,"minecraft:interact_with_campfire":18,"minecraft:damage_dealt_resisted":617,"minecraft:climb_one_cm":20764,"minecraft:walk_one_cm":2028693,"minecraft:damage_dealt_absorbed":81,"minecraft:raid_win":1,"minecraft:sneak_time":52936,"minecraft:walk_under_water_one_cm":51105,"minecraft:boat_one_cm":2385,"minecraft:interact_with_lectern":1,"minecraft:interact_with_blast_furnace":16,"minecraft:total_world_time":1034453,"tombstone:raider_killed":36,"minecraft:tune_noteblock":1,"minecraft:raid_trigger":1,"minecraft:time_since_rest":5396,"minecraft:damage_taken":7380,"minecraft:damage_absorbed":3374,"minecraft:trigger_trapped_chest":4,"minecraft:swim_one_cm":12096,"minecraft:fly_one_cm":3531018,"minecraft:open_chest":571,"minecraft:fall_one_cm":151696},"minecraft:used":{"minecraft:iron_shovel":62,"minecraft:dispenser":2,"minecraft:ladder":18,"minecraft:shield":121,"minecraft:chest":138,"minecraft:iron_sword":1166,"minecraft:zombie_spawn_egg":24,"minecraft:rotten_flesh":2,"minecraft:iron_chestplate":1,"minecraft:carrot":110,"minecraft:orange_wool":1,"minecraft:tuff":8,"eeeabsmobs:guardian_axe":201,"enchantinginfuser:advanced_enchanting_infuser":1,"minecraft:obsidian":12,"minecraft:glass":494,"born_in_chaos_v1:corpse_maggot":7,"minecraft:lava_bucket":89,"minecraft:villager_spawn_egg":81,"securitycraft:secret_sign_item":37,"minecraft:grass_block":87,"minecraft:lantern":5,"minecraft:stone_brick_stairs":27,"minecraft:stone_bricks":2889,"minecraft:repeater":41,"supplementaries:bomb_blue":3,"minecraft:hay_block":1,"minecraft:furnace":8,"luminousworld:decorative_brown_mushroom_1":1,"minecraft:dark_oak_sapling":25,"minecraft:stone_pickaxe":391,"minecraft:powered_rail":6,"minecraft:wooden_pickaxe":61,"minecraft:composter":2,"minecraft:diamond_axe":249,"minecraft:stripped_mangrove_wood":1,"minecraft:glow_berries":20,"minecraft:golden_apple":4,"minecraft:dark_oak_trapdoor":19,"minecraft:sand":2,"minecraft:mushroom_stew":14,"minecraft:blast_furnace":2,"minecraft:stone_brick_wall":2,"minecraft:redstone_torch":37,"minecraft:lever":2,"minecraft:bread":22,"minecraft:lectern":10,"minecraft:diamond_sword":10,"minecraft:oak_fence":1,"minecraft:oak_trapdoor":29,"minecraft:smithing_table":1,"minecraft:oak_boat":1,"minecraft:bone_meal":27,"minecraft:flint_and_steel":275,"minecraft:carved_pumpkin":1,"minecraft:redstone":64,"cataclysm:coral_bardiche":6,"minecraft:stick":1,"minecraft:torch":373,"minecraft:dirt":880,"minecraft:anvil":2,"minecraft:hopper":106,"minecraft:cobblestone_wall":235,"minecraft:granite":1,"minecraft:spruce_fence":2,"minecraft:oak_fence_gate":242,"minecraft:iron_hoe":2,"minecraft:wooden_axe":61,"minecraft:stone_brick_slab":182,"minecraft:bookshelf":31,"minecraft:iron_block":164,"minecraft:oak_stairs":56,"minecraft:iron_boots":1,"alexsmobs:ghostly_pickaxe":201,"minecraft:glowstone":13,"quark:hollow_spruce_log":1,"torchmaster:megatorch":268,"tombstone:gift":9,"ecologics:azalea_planks":8,"minecraft:minecart":2,"minecraft:stone_pressure_plate":1,"minecraft:enchanted_golden_apple":29,"minecraft:cobbled_deepslate":140,"minecraft:water_bucket":612,"minecraft:amethyst_block":7,"minecraft:cobblestone_stairs":64,"minecraft:bundle":1,"supplementaries:sconce_lever":5,"minecraft:cobblestone_slab":13,"minecraft:rail":113,"minecraft:comparator":16,"minecraft:crafting_table":23,"minecraft:white_bed":21,"minecraft:piston":2,"minecraft:wooden_hoe":89,"minecraft:mud":37,"minecraft:diamond_pickaxe":506,"minecraft:apple":4,"minecraft:diamond_shovel":2749,"earthmobsmod:mud_bucket":9,"minecraft:oak_button":7,"minecraft:iron_pickaxe":1075,"minecraft:map":1,"minecraft:stone_axe":125,"quark:dark_oak_chest":21,"minecraft:cobblestone":448,"minecraft:purple_bed":6,"minecraft:white_banner":1,"minecraft:cooked_porkchop":3,"minecraft:bucket":186,"minecraft:glass_pane":4,"alexsmobs:animal_dictionary":1,"minecraft:pumpkin_pie":2,"minecraft:dandelion":1},"minecraft:mined":{"undead_revamp2:arapholia":1,"minecraft:spruce_planks":4,"minecraft:white_bed":2,"minecraft:stone_pressure_plate":1,"luminousworld:yellowpetunias":1,"iceandfire:copper_pile":90,"luminousworld:autumnleaves":10,"minecraft:sculk_vein":2,"minecraft:orange_wool":1,"minecraft:carved_pumpkin":1,"minecraft:granite":44,"minecraft:stone_brick_wall":8,"minecraft:grass_block":1730,"minecraft:infested_cobblestone":42,"minecraft:jungle_log":1,"iceandfire:lectern":1,"minecraft:coal_block":33,"minecraft:hopper":5,"minecraft:spawner":8,"minecraft:raw_iron_block":1,"minecraft:magma_block":143,"minecraft:iron_ore":62,"minecraft:fire":9,"minecraft:anvil":1,"minecraft:pointed_dripstone":17,"minecraft:cave_vines":1,"iceandfire:gold_pile":67,"minecraft:flowering_azalea_leaves":1,"illagerinvasion:magic_fire":1,"minecraft:azalea_leaves":3,"ecologics:walnut_log":3,"minecraft:iron_block":3,"minecraft:tripwire":5,"minecraft:piston_head":3,"minecraft:amethyst_cluster":3,"minecraft:clay":2,"minecraft:torch":10,"minecraft:calcite":4,"minecraft:mushroom_stem":10,"minecraft:cobblestone":114,"minecraft:damaged_anvil":1,"minecraft:sugar_cane":6,"minecraft:grindstone":2,"minecraft:wall_torch":8,"minecraft:cauldron":1,"minecraft:amethyst_block":7,"minecraft:repeater":47,"luminousworld:clovers_1":1,"minecraft:mud":46,"minecraft:tnt":5,"minecraft:grass":51,"minecraft:oak_log":69,"minecraft:dirt":1291,"ecologics:azalea_log":2,"minecraft:dark_oak_sapling":9,"minecraft:sand":71,"luminousworld:grassvariant_3":13,"minecraft:dispenser":114,"minecraft:smooth_basalt":2,"minecraft:red_mushroom_block":45,"minecraft:piston":1,"minecraft:deepslate":145,"minecraft:oak_leaves":4,"minecraft:tuff":36,"minecraft:mossy_cobblestone":66,"minecraft:dark_oak_leaves":99,"minecraft:deepslate_diamond_ore":5,"minecraft:dark_oak_log":167,"born_in_chaos_v1:infected_diamond_ore":1,"torchmaster:megatorch":2,"minecraft:redstone_wire":22,"luminousworld:grassvariant_2":13,"minecraft:brown_mushroom_block":45,"luminousworld:decorative_brown_mushroom_1":1,"minecraft:spruce_leaves":22,"minecraft:moss_block":1,"minecraft:hay_block":64,"minecraft:redstone_ore":1,"minecraft:furnace":5,"luminousworld:yellow_grassflowers":1,"minecraft:andesite":4,"minecraft:bookshelf":25,"minecraft:deepslate_iron_ore":43,"minecraft:vine":6,"minecraft:lantern":1,"luminousworld:groundpebbles_2":1,"minecraft:bamboo":8,"minecraft:stone":808,"iceandfire:podium_spruce":1,"minecraft:redstone_wall_torch":38,"minecraft:white_wool":7,"iceandfire:pixie_jar_empty":5,"minecraft:smithing_table":1,"minecraft:scaffolding":17,"minecraft:redstone_block":3,"born_in_chaos_v1:marigolds":1,"minecraft:comparator":5,"minecraft:infested_stone_bricks":1,"quark:dark_oak_chest":1,"minecraft:dandelion":7,"minecraft:observer":6,"minecraft:oak_fence":1,"minecraft:crafting_table":14,"ecologics:walnut_leaves":4,"minecraft:rose_bush":1,"minecraft:copper_ore":6,"quark:glow_shroom_block":1,"minecraft:tall_grass":10,"minecraft:deepslate_gold_ore":5,"minecraft:diorite":24,"supplementaries:urn":24,"minecraft:purple_wool":6,"minecraft:purple_bed":4,"minecraft:cobblestone_wall":4,"minecraft:redstone_torch":3,"minecraft:birch_leaves":8,"iceandfire:ash":4,"minecraft:coal_ore":175,"iceandfire:silver_pile":18,"luminousworld:ishstone":13,"minecraft:cobweb":3,"minecraft:stripped_acacia_wood":1,"minecraft:stone_bricks":7,"minecraft:mossy_stone_bricks":2,"minecraft:gold_ore":23}},"DataVersion":3465}