{"stats":{"minecraft:mined":{"undead_revamp2:arapholia":1,"minecraft:spruce_planks":4,"minecraft:stone_pressure_plate":1,"minecraft:white_bed":2,"luminousworld:yellowpetunias":1,"luminousworld:autumnleaves":10,"iceandfire:copper_pile":90,"minecraft:sculk_vein":2,"minecraft:orange_wool":1,"minecraft:carved_pumpkin":1,"minecraft:granite":44,"minecraft:stone_brick_wall":8,"minecraft:grass_block":1725,"minecraft:infested_cobblestone":42,"minecraft:jungle_log":1,"iceandfire:lectern":1,"minecraft:coal_block":33,"minecraft:hopper":5,"minecraft:spawner":8,"minecraft:raw_iron_block":1,"minecraft:magma_block":143,"minecraft:iron_ore":62,"minecraft:fire":9,"minecraft:anvil":1,"minecraft:pointed_dripstone":17,"minecraft:cave_vines":1,"iceandfire:gold_pile":67,"minecraft:flowering_azalea_leaves":1,"illagerinvasion:magic_fire":1,"minecraft:azalea_leaves":3,"ecologics:walnut_log":3,"minecraft:iron_block":3,"minecraft:tripwire":5,"minecraft:piston_head":3,"minecraft:amethyst_cluster":3,"minecraft:clay":2,"minecraft:torch":10,"minecraft:calcite":4,"minecraft:mushroom_stem":10,"minecraft:cobblestone":91,"minecraft:damaged_anvil":1,"minecraft:grindstone":2,"minecraft:sugar_cane":6,"minecraft:wall_torch":8,"minecraft:amethyst_block":7,"minecraft:cauldron":1,"minecraft:repeater":47,"luminousworld:clovers_1":1,"minecraft:mud":46,"minecraft:tnt":5,"minecraft:grass":51,"minecraft:oak_log":65,"minecraft:dark_oak_sapling":9,"ecologics:azalea_log":2,"minecraft:sand":71,"minecraft:dirt":1291,"luminousworld:grassvariant_3":13,"minecraft:smooth_basalt":2,"minecraft:dispenser":114,"minecraft:red_mushroom_block":45,"minecraft:piston":1,"minecraft:deepslate":145,"minecraft:oak_leaves":1,"minecraft:tuff":36,"minecraft:mossy_cobblestone":66,"minecraft:dark_oak_leaves":99,"minecraft:deepslate_diamond_ore":5,"minecraft:dark_oak_log":167,"born_in_chaos_v1:infected_diamond_ore":1,"minecraft:redstone_wire":22,"luminousworld:grassvariant_2":13,"minecraft:brown_mushroom_block":45,"luminousworld:decorative_brown_mushroom_1":1,"minecraft:spruce_leaves":22,"minecraft:moss_block":1,"minecraft:hay_block":64,"minecraft:redstone_ore":1,"minecraft:furnace":4,"luminousworld:yellow_grassflowers":1,"minecraft:andesite":4,"minecraft:bookshelf":25,"minecraft:deepslate_iron_ore":43,"minecraft:vine":6,"minecraft:lantern":1,"luminousworld:groundpebbles_2":1,"minecraft:bamboo":8,"minecraft:stone":463,"iceandfire:podium_spruce":1,"minecraft:white_wool":7,"minecraft:redstone_wall_torch":38,"iceandfire:pixie_jar_empty":5,"minecraft:smithing_table":1,"minecraft:scaffolding":17,"minecraft:redstone_block":3,"born_in_chaos_v1:marigolds":1,"minecraft:comparator":5,"minecraft:infested_stone_bricks":1,"quark:dark_oak_chest":1,"minecraft:dandelion":7,"minecraft:observer":6,"minecraft:oak_fence":1,"minecraft:crafting_table":14,"ecologics:walnut_leaves":4,"minecraft:rose_bush":1,"minecraft:copper_ore":6,"quark:glow_shroom_block":1,"minecraft:tall_grass":10,"minecraft:deepslate_gold_ore":5,"minecraft:diorite":24,"supplementaries:urn":24,"minecraft:purple_wool":6,"minecraft:purple_bed":4,"minecraft:cobblestone_wall":4,"minecraft:redstone_torch":3,"minecraft:birch_leaves":8,"iceandfire:ash":4,"minecraft:coal_ore":175,"iceandfire:silver_pile":18,"luminousworld:ishstone":13,"minecraft:cobweb":3,"minecraft:stripped_acacia_wood":1,"minecraft:stone_bricks":7,"minecraft:mossy_stone_bricks":2,"minecraft:gold_ore":23},"minecraft:crafted":{"minecraft:oak_planks":292,"minecraft:purple_bed":2,"ecologics:walnut_planks":12,"minecraft:iron_boots":1,"minecraft:chest":1,"iceandfire:manuscript":4,"sophisticatedbackpacks:backpack":4,"minecraft:emerald":1,"minecraft:diamond_axe":1,"minecraft:crafting_table":7,"minecraft:wooden_pickaxe":1,"minecraft:copper_ingot":72,"minecraft:string":28,"minecraft:iron_chestplate":1,"minecraft:shield":1,"quark:oak_chest":4,"minecraft:stick":92,"minecraft:iron_ingot":74,"minecraft:iron_pickaxe":4,"minecraft:gold_ingot":96,"minecraft:raw_iron":9,"minecraft:iron_nugget":24,"minecraft:furnace":1,"minecraft:mushroom_stew":14,"minecraft:bone_meal":138,"quark:dark_oak_chest":32,"minecraft:stone_pickaxe":3,"minecraft:dark_oak_planks":408,"minecraft:wheat":459,"iceandfire:dragon_meal":64,"minecraft:iron_sword":2,"minecraft:bowl":8,"minecraft:stone_axe":1,"minecraft:jungle_planks":4,"minecraft:bread":177,"minecraft:air":0,"minecraft:chainmail_boots":12,"minecraft:wooden_axe":1,"minecraft:iron_shovel":2,"minecraft:iron_leggings":11,"minecraft:torch":216,"ecologics:azalea_planks":8},"minecraft:picked_up":{"minecraft:iron_chestplate":1,"minecraft:birch_door":1,"minecraft:wheat":13,"minecraft:redstone_block":3,"minecraft:chainmail_boots":24,"minecraft:anvil":1,"minecraft:smithing_table":1,"minecraft:lead":2,"minecraft:enchanted_book":1,"minecraft:amethyst_block":9,"minecraft:string":24,"minecraft:raw_copper":16,"minecraft:iron_leggings":11,"minecraft:sticky_piston":2,"minecraft:experience_bottle":3,"minecraft:gold_nugget":641,"minecraft:cobbled_deepslate":131,"minecraft:comparator":5,"minecraft:bucket":13,"minecraft:spruce_planks":4,"minecraft:rose_bush":2,"minecraft:redstone_torch":86,"minecraft:azalea":2,"minecraft:iron_pickaxe":2,"minecraft:coal_block":32,"minecraft:furnace":4,"minecraft:iron_boots":3,"iceandfire:pixie_dust":5,"minecraft:stick":7,"ecologics:walnut_log":3,"minecraft:big_dripleaf":2,"minecraft:oak_fence":1,"minecraft:torch":93,"minecraft:porkchop":43,"iceandfire:crackled_gravel":4,"minecraft:pointed_dripstone":60,"tombstone:grave_dust":13,"minecraft:diorite":14,"minecraft:cauldron":1,"luminousworld:grassflowers":8,"minecraft:honey_bottle":1,"minecraft:rotten_flesh":47,"iceandfire:fire_dragon_heart":1,"minecraft:iron_block":3,"minecraft:carved_pumpkin":1,"supplementaries:ash":138,"undead_revamp2:arapholia":5,"minecraft:cobblestone":493,"minecraft:magma_block":143,"minecraft:cooked_beef":18,"minecraft:repeater":77,"minecraft:andesite":4,"minecraft:water_bucket":98,"minecraft:jungle_log":1,"minecraft:tuff":16,"luminousworld:purple_petunias":3,"minecraft:wither_skeleton_skull":3,"minecraft:dirt":2989,"minecraft:lantern":5,"born_in_chaos_v1:marigolds":1,"minecraft:bone":79,"minecraft:bow":2,"minecraft:wheat_seeds":51,"minecraft:raw_gold":28,"minecraft:grindstone":2,"minecraft:dark_oak_sign":1,"minecraft:mossy_stone_bricks":2,"minecraft:diamond_helmet":1,"minecraft:bamboo":110,"iceandfire:dragonscales_amythest":28,"minecraft:cooked_porkchop":3,"ecologics:azalea_log":2,"iceandfire:podium_spruce":1,"minecraft:stripped_acacia_wood":1,"earthmobsmod:harder_flesh":4,"iceandfire:dragon_skull_fire":1,"minecraft:sand":172,"iceandfire:lightning_dragon_heart":1,"minecraft:dark_oak_log":167,"minecraft:mossy_cobblestone":66,"minecraft:orange_wool":1,"minecraft:bundle":2,"minecraft:iron_hoe":3,"minecraft:dispenser":114,"luminousworld:yellowpetunias":2,"minecraft:diamond":10,"iceandfire:lectern":1,"minecraft:granite":44,"minecraft:emerald":80,"minecraft:chainmail_helmet":1,"minecraft:bread":14,"minecraft:oak_sapling":2,"iceandfire:silver_nugget":60,"luminousworld:groundpebbles_1":2,"iceandfire:dragon_skull_lightning":1,"minecraft:cocoa_beans":4,"minecraft:mud":37,"minecraft:crafting_table":14,"born_in_chaos_v1:diamond_termite_shard":2,"minecraft:purple_wool":6,"iceandfire:witherbone":21,"minecraft:ladder":1,"minecraft:clay_ball":50,"minecraft:brown_mushroom":18,"minecraft:stone_brick_wall":12,"quark:dark_oak_chest":1,"minecraft:cornflower":1,"illagerinvasion:unusual_dust":1,"minecraft:item_frame":3,"minecraft:iron_shovel":2,"minecraft:cyan_carpet":3,"minecraft:beef":23,"minecraft:observer":6,"minecraft:sugar_cane":12,"minecraft:piston":2,"minecraft:phantom_membrane":1,"minecraft:dark_oak_sapling":35,"minecraft:raw_iron":65,"iceandfire:dragonbone":22,"iceandfire:dragonscales_gray":21,"luminousworld:blue_petunias":3,"minecraft:copper_ingot":5,"minecraft:bowl":3,"minecraft:spruce_fence":2,"sophisticatedbackpacks:backpack":1,"born_in_chaos_v1:pieceofdarkmetal":3,"minecraft:carrot":12,"minecraft:redstone":39,"minecraft:stone_pressure_plate":1,"minecraft:tnt":5,"luminousworld:decorative_brown_mushroom_1":1,"iceandfire:pixie_jar_0":1,"minecraft:arrow":13,"iceandfire:cyclops_eye":1,"minecraft:pumpkin_pie":4,"minecraft:hay_block":64,"tombstone:essence_of_undeath":1,"minecraft:gold_ingot":7,"alexsmobs:ghostly_pickaxe":3,"minecraft:glow_berries":16,"minecraft:mutton":8,"minecraft:white_wool":14,"born_in_chaos_v1:fused_bone":2,"born_in_chaos_v1:corpse_maggot":10,"luminousworld:ishstone":22,"minecraft:leather":36,"minecraft:red_mushroom":22,"minecraft:oak_log":73,"minecraft:chainmail_chestplate":1,"iceandfire:pixie_jar_3":2,"minecraft:cobblestone_wall":11,"minecraft:gunpowder":9,"minecraft:white_banner":1,"tombstone:gift":1,"minecraft:stone_bricks":9,"minecraft:apple":8,"minecraft:gray_carpet":2,"iceandfire:pixie_jar_empty":5,"minecraft:iron_ingot":49,"quark:glow_shroom":2,"tombstone:bag_of_seeds":2,"luminousworld:white_petunias":1,"minecraft:iron_sword":5,"minecraft:book":75,"minecraft:scaffolding":26,"iceandfire:copper_nugget":972,"enemyexpansion:phantom_eye":1,"luminousworld:clovers_1":1,"iceandfire:ash":4,"minecraft:dandelion":16,"minecraft:raw_iron_block":2,"minecraft:amethyst_shard":24,"minecraft:white_bed":2,"minecraft:purple_bed":4,"minecraft:slime_ball":4,"minecraft:chainmail_leggings":1,"minecraft:iron_helmet":1,"tombstone:magic_scroll":3,"minecraft:damaged_anvil":1,"minecraft:coal":284,"minecraft:hopper":5,"minecraft:ender_pearl":2},"minecraft:killed":{"luminousworld:miner_zombie":2,"minecraft:spider":1,"born_in_chaos_v1:siamese_skeletonsright":1,"minecraft:skeleton":15,"friendsandfoes:glare":1,"luminousworld:dark_oak_skeleton":3,"minecraft:silverfish":100,"undead_revamp2:thepregnant":1,"undead_revamp2:thespitter":1,"born_in_chaos_v1:diamond_termite":2,"earthmobsmod:lobber_zombie":1,"minecraft:creeper":3,"minecraft:sheep":4,"minecraft:trader_llama":2,"minecraft:pillager":1,"minecraft:zombie":12,"illagerinvasion:sorcerer":1,"born_in_chaos_v1:corpse_fly":5,"enemyexpansion:botfly":3,"bettermobs:capivara":1,"iceandfire:lightning_dragon":1,"luminousworld:dark_oak_zombie":5,"born_in_chaos_v1:siamese_skeletonsleft":1,"minecraft:cow":10,"undead_revamp2:thehunter":3,"undead_revamp2:thegliter":1,"minecraft:vindicator":1,"illagerinvasion:marauder":1,"enemyexpansion:direwolf":3,"born_in_chaos_v1:zombie_bruiser":1,"born_in_chaos_v1:maggot":7,"minecraft:phantom":3,"minecraft:horse":6,"iceandfire:fire_dragon":1,"enemyexpansion:silverqueen":1,"alexsmobs:underminer":1,"enemyexpansion:goblin":2,"minecraft:husk":8,"earthmobsmod:bouldering_zombie":3,"iceandfire:cyclops":1,"undead_revamp2:the_moonflower":1,"minecraft:hoglin":13,"born_in_chaos_v1:decrepit_skeleton":2,"iceandfire:ghost":1,"minecraft:wither_skeleton":31,"enemyexpansion:slugger":1},"minecraft:broken":{"minecraft:iron_chestplate":1,"minecraft:iron_leggings":1,"minecraft:stone_pickaxe":3,"minecraft:diamond_shovel":1,"minecraft:iron_sword":2,"minecraft:wooden_axe":1,"minecraft:flint_and_steel":2,"minecraft:wooden_pickaxe":1,"alexsmobs:ghostly_pickaxe":1,"minecraft:iron_pickaxe":4},"minecraft:dropped":{"minecraft:iron_sword":2,"minecraft:piston":1,"minecraft:brown_mushroom":4,"minecraft:stripped_mangrove_wood":1,"quark:glow_shroom":2,"luminousworld:yellowpetunias":2,"minecraft:ender_pearl":1,"luminousworld:white_petunias":1,"minecraft:glow_berries":3,"illagerinvasion:unusual_dust":1,"minecraft:saddle":1,"minecraft:red_mushroom":8,"minecraft:dirt":30,"minecraft:grass":1,"minecraft:cornflower":1,"minecraft:gold_nugget":11,"minecraft:amethyst_shard":12,"iceandfire:ash":4,"minecraft:iron_pickaxe":2,"luminousworld:clovers_1":1,"minecraft:bone":31,"minecraft:stone_axe":1,"alexsmobs:animal_dictionary":1,"minecraft:cobbled_deepslate":16,"minecraft:wheat":5,"undead_revamp2:arapholia":5,"minecraft:rotten_flesh":35,"minecraft:chainmail_chestplate":1,"supplementaries:ash":141,"luminousworld:grassflowers":8,"minecraft:gunpowder":1,"minecraft:stone_brick_wall":10,"minecraft:azalea":2,"minecraft:chainmail_boots":24,"minecraft:arrow":4,"minecraft:beef":2,"minecraft:written_book":1,"iceandfire:manuscript":340,"minecraft:bread":14,"minecraft:wheat_seeds":19,"luminousworld:ishstone":26,"minecraft:cobblestone":7,"minecraft:apple":2,"minecraft:granite":43,"minecraft:copper_ingot":10,"minecraft:coal":6,"minecraft:stick":3,"minecraft:diorite":24,"iceandfire:copper_nugget":432,"minecraft:torch":9,"minecraft:rose_bush":2,"minecraft:iron_leggings":11,"minecraft:raw_iron_block":1,"alexsmobs:ghostly_pickaxe":2,"minecraft:iron_shovel":1,"minecraft:paper":10,"minecraft:dandelion":8,"minecraft:redstone":4,"minecraft:cocoa_beans":2,"minecraft:cobblestone_wall":10,"minecraft:dark_oak_sign":1,"minecraft:raw_copper":16,"minecraft:bowl":10,"minecraft:tuff":8,"minecraft:raw_iron":2,"minecraft:clay_ball":50,"minecraft:iron_boots":2,"minecraft:stripped_acacia_wood":1,"earthmobsmod:harder_flesh":4,"minecraft:big_dripleaf":4,"luminousworld:groundpebbles_1":2,"minecraft:andesite":8,"minecraft:mossy_stone_bricks":1,"minecraft:oak_sapling":2,"minecraft:stone_bricks":5,"luminousworld:blue_petunias":3,"luminousworld:purple_petunias":3},"minecraft:killed_by":{"undead_revamp2:sucker":1,"minecraft:wither_skeleton":1,"minecraft:silverfish":1,"minecraft:zombie":1,"enemyexpansion:invisicreeper":1,"undead_revamp2:thegliter":1,"undead_revamp2:thesomnolence":1},"minecraft:used":{"minecraft:iron_shovel":62,"minecraft:chest":1,"minecraft:shield":121,"minecraft:iron_sword":1166,"minecraft:rotten_flesh":2,"minecraft:iron_chestplate":1,"minecraft:carrot":107,"minecraft:orange_wool":1,"minecraft:tuff":8,"minecraft:obsidian":12,"minecraft:glass":81,"born_in_chaos_v1:corpse_maggot":7,"minecraft:lava_bucket":78,"minecraft:grass_block":11,"minecraft:lantern":5,"minecraft:stone_bricks":17,"minecraft:hay_block":1,"minecraft:furnace":5,"luminousworld:decorative_brown_mushroom_1":1,"minecraft:dark_oak_sapling":25,"minecraft:stone_pickaxe":391,"minecraft:wooden_pickaxe":61,"minecraft:composter":2,"minecraft:diamond_axe":249,"minecraft:stripped_mangrove_wood":1,"minecraft:golden_apple":1,"minecraft:glow_berries":20,"minecraft:dark_oak_trapdoor":5,"minecraft:sand":2,"minecraft:mushroom_stew":14,"minecraft:stone_brick_wall":2,"minecraft:bread":21,"minecraft:bone_meal":27,"minecraft:oak_fence":1,"minecraft:flint_and_steel":260,"minecraft:carved_pumpkin":1,"minecraft:redstone":1,"minecraft:stick":1,"minecraft:torch":366,"minecraft:dirt":808,"minecraft:cobblestone_wall":1,"minecraft:granite":1,"minecraft:spruce_fence":2,"minecraft:stone_brick_slab":22,"minecraft:wooden_axe":61,"minecraft:iron_boots":1,"alexsmobs:ghostly_pickaxe":201,"minecraft:glowstone":5,"tombstone:gift":9,"minecraft:stone_pressure_plate":1,"minecraft:enchanted_golden_apple":29,"minecraft:cobbled_deepslate":140,"ecologics:azalea_planks":8,"minecraft:water_bucket":196,"minecraft:amethyst_block":7,"minecraft:bundle":1,"minecraft:crafting_table":22,"minecraft:white_bed":2,"minecraft:wooden_hoe":88,"minecraft:mud":37,"minecraft:diamond_pickaxe":137,"minecraft:apple":4,"minecraft:diamond_shovel":2744,"earthmobsmod:mud_bucket":9,"minecraft:iron_pickaxe":1075,"minecraft:map":1,"minecraft:stone_axe":125,"quark:dark_oak_chest":21,"minecraft:cobblestone":332,"minecraft:purple_bed":6,"minecraft:white_banner":1,"minecraft:cooked_porkchop":3,"minecraft:bucket":177,"minecraft:pumpkin_pie":2,"alexsmobs:animal_dictionary":1,"minecraft:dandelion":1},"minecraft:custom":{"minecraft:animals_bred":4,"minecraft:interact_with_crafting_table":57,"minecraft:open_barrel":57,"minecraft:eat_cake_slice":9,"minecraft:leave_game":6,"minecraft:time_since_death":181455,"minecraft:damage_resisted":1487,"minecraft:sprint_one_cm":842750,"minecraft:damage_blocked_by_shield":3110,"minecraft:drop":221,"minecraft:talked_to_villager":21,"minecraft:play_time":592430,"minecraft:deaths":8,"minecraft:jump":4542,"minecraft:walk_on_water_one_cm":79627,"minecraft:interact_with_furnace":32,"minecraft:traded_with_villager":24,"minecraft:sleep_in_bed":17,"minecraft:damage_dealt":56397,"minecraft:crouch_one_cm":57934,"tombstone:undead_killed":97,"minecraft:interact_with_smoker":2,"minecraft:inspect_dispenser":12,"minecraft:interact_with_smithing_table":3,"minecraft:inspect_dropper":1,"minecraft:mob_kills":289,"minecraft:interact_with_campfire":18,"minecraft:damage_dealt_resisted":617,"minecraft:climb_one_cm":14328,"minecraft:walk_one_cm":1391908,"minecraft:sneak_time":22951,"minecraft:walk_under_water_one_cm":47555,"minecraft:interact_with_lectern":1,"minecraft:interact_with_blast_furnace":10,"minecraft:total_world_time":592430,"tombstone:raider_killed":7,"minecraft:tune_noteblock":1,"minecraft:time_since_rest":25243,"minecraft:damage_taken":7185,"minecraft:damage_absorbed":3374,"minecraft:trigger_trapped_chest":4,"minecraft:swim_one_cm":11652,"minecraft:fly_one_cm":1580477,"minecraft:open_chest":324,"minecraft:fall_one_cm":92314}},"DataVersion":3465}