{"stats":{"minecraft:killed":{"illagerinvasion:archivist":2,"luminousworld:miner_zombie":2,"minecraft:cave_spider":2,"earthmobsmod:jumbo_rabbit":3,"born_in_chaos_v1:restless_spirit":2,"born_in_chaos_v1:zombie_lumberjack":2,"enemyexpansion:equestrian":2,"undead_revamp2:clogger":1,"born_in_chaos_v1:siamese_skeletonsright":1,"iceandfire:stymphalian_bird":1,"illagerinvasion:basher":4,"minecraft:skeleton":37,"undead_revamp2:deadclogger":1,"friendsandfoes:glare":1,"luminousworld:dark_oak_skeleton":4,"alexsmobs:leafcutter_ant":10,"alexsmobs:straddler":2,"undead_revamp2:thepregnant":1,"undead_revamp2:thespitter":3,"enemyexpansion:vampflyer":1,"alexscaves:gammaroach":1,"naturalist:snake":1,"alexsmobs:seal":2,"minecraft:iron_golem":1,"undead_revamp2:theheavy":1,"undead_revamp2:slaveman":1,"minecraft:pillager":11,"minecraft:zombie":29,"enemyexpansion:vampire":1,"cataclysm:deepling":2,"born_in_chaos_v1:corpse_fly":8,"enemyexpansion:botfly":9,"bettermobs:capivara":1,"minecraft:glow_squid":6,"iceandfire:lightning_dragon":2,"mutantmonsters:mutant_creeper":2,"takesapillage:archer":2,"minecraft:cow":11,"mowziesmobs:naga":3,"undead_revamp2:thehunter":7,"enemyexpansion:vampbiter":1,"minecraft:vindicator":3,"illagerinvasion:marauder":4,"undead_revamp2:bomber":1,"enemyexpansion:goblin_fear":1,"minecraft:horse":6,"enemyexpansion:faller":2,"enemyexpansion:silverqueen":4,"undead_revamp2:thebidy":3,"alexsmobs:underminer":1,"alexsmobs:rocky_roller":1,"born_in_chaos_v1:barrel_zombie":2,"cataclysm:deepling_angler":2,"minecraft:husk":12,"earthmobsmod:bouldering_zombie":3,"iceandfire:cyclops":1,"undead_revamp2:the_moonflower":8,"enemyexpansion:sprinter":1,"minecraft:ravager":1,"born_in_chaos_v1:decrepit_skeleton":3,"alexsmobs:catfish":1,"born_in_chaos_v1:bloody_gadfly":2,"undead_revamp2:thesomnolence":2,"iceandfire:ghost":3,"luminousworld:swamp_zombie":5,"cataclysm:coralssus":1,"minecraft:enderman":1,"minecraft:witch":2,"minecraft:spider":7,"endermanoverhaul:dark_oak_enderman":1,"undead_revamp2:thesmoker":3,"illagerinvasion:provoker":2,"minecraft:silverfish":110,"undead_revamp2:therod":2,"artifacts:mimic":1,"born_in_chaos_v1:bonescaller":1,"minecraft:pig":1,"earthmobsmod:viler_witch":1,"minecraft:zombie_villager":5,"born_in_chaos_v1:diamond_termite":6,"earthmobsmod:lobber_zombie":1,"alexsmobs:stradpole":1,"illagerinvasion:alchemist":1,"minecraft:creeper":13,"minecraft:sheep":5,"undead_revamp2:thebidyupside":1,"minecraft:trader_llama":5,"born_in_chaos_v1:zombie_fisherman":3,"cataclysm:deepling_brute":2,"born_in_chaos_v1:dread_hound":7,"alexsmobs:toucan":1,"illagerinvasion:sorcerer":1,"undead_revamp2:theskeeper":1,"luminousworld:dark_oak_zombie":6,"minecraft:blaze":5,"enemyexpansion:wasp":4,"born_in_chaos_v1:siamese_skeletonsleft":1,"undead_revamp2:thegliter":2,"enemyexpansion:intruder":5,"minecraft:slime":1,"enemyexpansion:direwolf":6,"born_in_chaos_v1:zombie_bruiser":2,"born_in_chaos_v1:maggot":18,"minecraft:phantom":3,"luminousworld:swamp_skeleton":6,"iceandfire:fire_dragon":2,"undead_revamp2:coppertar":1,"takesapillage:clay_golem":1,"luminousworld:monarch":1,"born_in_chaos_v1:corpse_fish":3,"undead_revamp2:thehorrors":2,"enemyexpansion:goblin":3,"luminousworld:firefly":2,"born_in_chaos_v1:baby_skeleton":1,"born_in_chaos_v1:swarmer":1,"takesapillage:skirmisher":1,"minecraft:hoglin":13,"enemyexpansion:crawler":8,"mutantmonsters:mutant_enderman":1,"minecraft:wither_skeleton":31,"minecraft:villager":5,"enemyexpansion:slugger":2},"minecraft:picked_up":{"minecraft:birch_door":1,"minecraft:iron_chestplate":7,"minecraft:chainmail_boots":26,"minecraft:anvil":1,"minecraft:smithing_table":1,"minecraft:lead":8,"minecraft:diamond_sword":4,"minecraft:wither_rose":2,"minecraft:enchanted_book":1,"minecraft:amethyst_block":9,"minecraft:string":36,"minecraft:gold_nugget":1338,"minecraft:cobbled_deepslate":194,"minecraft:spruce_planks":4,"minecraft:hopper_minecart":11,"minecraft:coal_block":34,"minecraft:big_dripleaf":2,"iceandfire:lightning_dragon_flesh":1,"minecraft:rabbit_foot":3,"minecraft:cauldron":1,"undead_revamp2:cloogerribs":36,"luminousworld:grassflowers":15,"minecraft:honey_bottle":1,"quark:clear_shard":10,"luminousworld:yellow_grassflowers":3,"iceandfire:fire_dragon_heart":2,"minecraft:iron_block":6,"minecraft:carved_pumpkin":1,"supplementaries:ash":221,"iceandfire:dragonscales_black":19,"minecraft:magma_block":146,"minecraft:feather":4,"minecraft:cooked_beef":18,"minecraft:water_bucket":101,"minecraft:jungle_log":1,"minecraft:flint":26,"luminousworld:purple_petunias":3,"minecraft:lantern":5,"born_in_chaos_v1:marigolds":5,"minecraft:dark_oak_sign":1,"minecraft:diamond_helmet":1,"iceandfire:dragonscales_amythest":28,"luminousworld:creepberries":4,"minecraft:stripped_acacia_wood":1,"iceandfire:dragon_skull_fire":2,"iceandfire:lightning_dragon_heart":2,"minecraft:trapped_chest":1,"minecraft:dark_oak_log":219,"naturalist:duck_egg":4,"minecraft:bundle":5,"minecraft:iron_hoe":4,"minecraft:dispenser":114,"create:crimsite":19,"minecraft:deepslate":1,"iceandfire:lectern":1,"luminousworld:yellowpetunias":2,"minecraft:lever":1,"minecraft:granite":74,"minecraft:chainmail_helmet":5,"minecraft:bread":19,"born_in_chaos_v1:rotten_fish":2,"iceandfire:raw_silver":20,"minecraft:diamond_pickaxe":1,"iceandfire:dragon_skull_lightning":2,"luminousworld:groundpebbles_1":3,"minecraft:mud":1885,"minecraft:crafting_table":15,"minecraft:purple_wool":6,"iceandfire:witherbone":21,"minecraft:clay_ball":55,"quark:dark_oak_chest":1,"minecraft:fire_coral":1,"minecraft:cornflower":1,"minecraft:iron_shovel":3,"iceandfire:hydra_fang":2,"minecraft:beef":27,"born_in_chaos_v1:gnawed_bones":4,"minecraft:poppy":4,"minecraft:iron_nugget":19,"minecraft:jungle_sapling":4,"minecraft:minecart":7,"minecraft:chest":3,"minecraft:piston":2,"minecraft:egg":3,"minecraft:stone":1,"luminousworld:blue_petunias":5,"artifacts:charm_of_sinking":1,"sophisticatedbackpacks:backpack":2,"alexsmobs:straddlite":1,"minecraft:spruce_fence":2,"born_in_chaos_v1:pieceofdarkmetal":7,"minecraft:carrot":78,"minecraft:redstone":368,"minecraft:tnt":5,"luminousworld:decorative_brown_mushroom_1":1,"craftingautomat:autocrafter":1,"minecraft:hay_block":64,"tombstone:essence_of_undeath":1,"minecraft:gold_ingot":135,"minecraft:glow_berries":18,"minecraft:mutton":8,"minecraft:white_wool":15,"minecraft:rail":204,"minecraft:oxeye_daisy":2,"minecraft:stripped_oak_log":4,"born_in_chaos_v1:monster_flesh":3,"luminousworld:ishstone":29,"minecraft:red_mushroom":22,"minecraft:oak_log":85,"iceandfire:pixie_jar_3":2,"quark:limestone":5,"minecraft:paper":1,"tombstone:gift":1,"minecraft:white_banner":4,"minecraft:apple":8,"minecraft:stone_bricks":9,"iceandfire:pixie_jar_empty":5,"quark:glow_shroom":2,"minecraft:cobweb":3,"tombstone:bag_of_seeds":2,"minecraft:glass_bottle":4,"minecraft:iron_sword":5,"enemyexpansion:phantom_eye":1,"iceandfire:copper_nugget":1019,"endrem:witch_pupil":1,"born_in_chaos_v1:orbofthe_summoner":1,"minecraft:gravel":27,"minecraft:purple_bed":4,"minecraft:slime_ball":25,"minecraft:oak_button":2,"minecraft:hopper":5,"minecraft:ender_pearl":12,"minecraft:wheat":13,"illagerinvasion:platinum_chunk":8,"minecraft:redstone_block":3,"enemyexpansion:wasp_thorax":1,"minecraft:potion":1,"minecraft:raw_copper":36,"minecraft:iron_leggings":11,"minecraft:sticky_piston":2,"minecraft:experience_bottle":3,"minecraft:red_sand":4,"minecraft:comparator":10,"minecraft:bucket":14,"minecraft:rose_bush":3,"minecraft:redstone_torch":109,"minecraft:cobblestone_slab":19,"minecraft:ender_eye":4,"minecraft:azalea":2,"minecraft:iron_pickaxe":3,"iceandfire:dragonscales_red":18,"minecraft:iron_boots":4,"minecraft:furnace":5,"iceandfire:pixie_dust":5,"minecraft:stick":15,"ecologics:walnut_log":3,"minecraft:oak_fence":3,"minecraft:torch":164,"minecraft:porkchop":46,"iceandfire:crackled_gravel":8,"minecraft:pointed_dripstone":70,"tombstone:grave_dust":19,"minecraft:diorite":14,"minecraft:rotten_flesh":202,"minecraft:obsidian":1,"undead_revamp2:arapholia":7,"cataclysm:stone_pillar":1,"minecraft:cobblestone":1014,"minecraft:repeater":79,"minecraft:andesite":5,"cataclysm:coral_bardiche":1,"minecraft:golden_leggings":1,"minecraft:tuff":142,"minecraft:wither_skeleton_skull":3,"alexsmobs:rocky_shell":1,"minecraft:lapis_lazuli":160,"minecraft:dirt":3550,"born_in_chaos_v1:monster_skin":4,"minecraft:glass":1,"minecraft:bone":162,"minecraft:bow":4,"minecraft:wheat_seeds":73,"alexscaves:toxic_paste":3,"minecraft:raw_gold":38,"minecraft:grindstone":2,"minecraft:mossy_stone_bricks":2,"minecraft:bamboo":1567,"minecraft:oak_planks":3,"iceandfire:amphithere_feather":7,"minecraft:cooked_porkchop":6,"ecologics:azalea_log":2,"iceandfire:podium_spruce":1,"earthmobsmod:harder_flesh":4,"torchmaster:megatorch":3,"minecraft:bamboo_raft":2,"minecraft:sand":172,"minecraft:grass_block":912,"minecraft:orange_wool":1,"minecraft:mossy_cobblestone":101,"undead_revamp2:acidsack":1,"minecraft:jungle_leaves":1,"minecraft:diamond":42,"minecraft:bone_meal":2,"minecraft:golden_apple":3,"minecraft:emerald":99,"minecraft:netherrack":69,"minecraft:oak_sapling":4,"iceandfire:silver_nugget":60,"minecraft:fishing_rod":1,"undead_revamp2:bostroxingot":6,"minecraft:cocoa_beans":4,"born_in_chaos_v1:diamond_termite_shard":5,"minecraft:ladder":9,"minecraft:brown_mushroom":18,"minecraft:cooked_rabbit":1,"minecraft:stone_brick_wall":12,"minecraft:oak_trapdoor":5,"illagerinvasion:unusual_dust":1,"minecraft:iron_axe":1,"minecraft:item_frame":3,"takesapillage:ravager_horn":1,"minecraft:cyan_carpet":3,"minecraft:blue_orchid":4,"minecraft:observer":6,"minecraft:tinted_glass":2,"minecraft:sugar_cane":12,"minecraft:phantom_membrane":1,"minecraft:dark_oak_sapling":39,"minecraft:raw_iron":75,"iceandfire:dragonbone":41,"iceandfire:dragonscales_gray":21,"minecraft:copper_ingot":10,"minecraft:bowl":3,"alexsmobs:leafcutter_ant_pupa":8,"minecraft:stone_pressure_plate":1,"luminousworld:white_oak_sapling":1,"iceandfire:pixie_jar_0":1,"minecraft:arrow":41,"iceandfire:cyclops_eye":1,"minecraft:pumpkin_pie":4,"alexscaves:spelunkery_table":1,"alexsmobs:ghostly_pickaxe":3,"minecraft:skeleton_skull":1,"born_in_chaos_v1:fused_bone":2,"undead_revamp2:bostroxset_boots":1,"born_in_chaos_v1:corpse_maggot":21,"minecraft:air":1,"minecraft:basalt":5,"minecraft:glow_ink_sac":30,"minecraft:leather":113,"minecraft:chainmail_chestplate":1,"minecraft:cobblestone_wall":11,"minecraft:gunpowder":84,"artifacts:cloud_in_a_bottle":1,"minecraft:cobblestone_stairs":1,"minecraft:cooked_mutton":1,"minecraft:gray_carpet":2,"minecraft:rabbit_hide":11,"minecraft:iron_ingot":7011,"luminousworld:white_petunias":3,"iceandfire:fire_dragon_flesh":2,"minecraft:book":96,"minecraft:scaffolding":308,"luminousworld:clovers_1":3,"minecraft:pumpkin":7,"minecraft:stone_brick_slab":1,"iceandfire:ash":6,"minecraft:dandelion":20,"minecraft:raw_iron_block":3,"luminousworld:sunset_petunias":4,"minecraft:amethyst_shard":24,"minecraft:white_bed":5,"minecraft:spider_eye":6,"minecraft:chainmail_leggings":4,"minecraft:iron_helmet":4,"cataclysm:crystallized_coral_fragments":1,"tombstone:magic_scroll":4,"minecraft:damaged_anvil":1,"minecraft:coal":335},"minecraft:killed_by":{"minecraft:zombie":1,"enemyexpansion:invisicreeper":1,"undead_revamp2:thegliter":1,"undead_revamp2:thesomnolence":1,"undead_revamp2:sucker":1,"minecraft:wither_skeleton":1,"minecraft:silverfish":1},"minecraft:mined":{"minecraft:white_bed":2,"luminousworld:autumnleaves":10,"iceandfire:copper_pile":90,"alexsmobs:leafcutter_anthill":2,"minecraft:jungle_leaves":116,"minecraft:carved_pumpkin":1,"minecraft:granite":73,"minecraft:stone_brick_wall":8,"placeablesmod:carrot_block_1":1,"minecraft:jungle_log":1,"minecraft:coal_block":35,"minecraft:hopper":5,"minecraft:spawner":8,"minecraft:tall_seagrass":1,"minecraft:magma_block":150,"minecraft:fire":52,"minecraft:pumpkin":8,"minecraft:deepslate_lapis_ore":3,"minecraft:cave_vines":1,"iceandfire:gold_pile":108,"quark:limestone":5,"illagerinvasion:magic_fire":1,"minecraft:iron_block":3,"minecraft:tripwire":5,"minecraft:piston_head":3,"minecraft:amethyst_cluster":3,"born_in_chaos_v1:infected_deepslate_diamond_ore":4,"minecraft:torch":26,"minecraft:glass":5,"minecraft:sugar_cane":6,"minecraft:damaged_anvil":1,"minecraft:amethyst_block":7,"minecraft:repeater":47,"minecraft:mud":1922,"minecraft:tinted_glass":1,"minecraft:wither_rose":2,"minecraft:grass":61,"minecraft:dark_oak_sapling":9,"luminousworld:grassvariant_3":15,"minecraft:smooth_basalt":2,"minecraft:red_mushroom_block":45,"minecraft:piston":1,"minecraft:deepslate":204,"iceandfire:silver_ore":8,"minecraft:mossy_cobblestone":101,"minecraft:dark_oak_log":167,"minecraft:redstone_wire":28,"iceandfire:deepslate_silver_ore":1,"alexsmobs:leafcutter_ant_chamber":1,"luminousworld:grassvariant_2":22,"minecraft:moss_block":1,"minecraft:redstone_ore":1,"placeablesmod:water_bucket_block":2,"minecraft:andesite":5,"minecraft:cobblestone_slab":15,"minecraft:vine":13,"minecraft:rail":207,"minecraft:bamboo_sapling":13,"luminousworld:groundpebbles_2":1,"minecraft:bamboo":135,"iceandfire:podium_spruce":1,"minecraft:white_wool":7,"minecraft:smithing_table":1,"minecraft:redstone_block":3,"minecraft:comparator":5,"quark:dark_oak_chest":1,"minecraft:observer":6,"minecraft:dandelion":7,"ecologics:walnut_leaves":4,"minecraft:tall_grass":14,"quark:glow_shroom_block":1,"minecraft:copper_ore":9,"minecraft:deepslate_gold_ore":61,"minecraft:diorite":24,"minecraft:purple_wool":6,"minecraft:purple_bed":4,"naturalist:duckweed":1,"minecraft:cobblestone_wall":4,"minecraft:birch_leaves":8,"luminousworld:clovers_5":1,"iceandfire:silver_pile":18,"luminousworld:ishstone":20,"minecraft:gravel":32,"minecraft:cobweb":8,"minecraft:oak_button":1,"minecraft:stone_bricks":7,"minecraft:gold_ore":24,"minecraft:fern":1,"undead_revamp2:arapholia":1,"minecraft:stone_pressure_plate":1,"minecraft:spruce_planks":4,"luminousworld:yellowpetunias":1,"minecraft:cobblestone_stairs":1,"minecraft:sculk_vein":2,"minecraft:orange_wool":1,"minecraft:grass_block":2700,"minecraft:infested_cobblestone":42,"iceandfire:lectern":1,"minecraft:raw_iron_block":2,"minecraft:iron_ore":68,"minecraft:anvil":1,"minecraft:pointed_dripstone":19,"minecraft:flowering_azalea_leaves":1,"minecraft:azalea_leaves":3,"ecologics:walnut_log":3,"luminousworld:creepbush":4,"minecraft:deepslate_redstone_ore":49,"minecraft:clay":2,"minecraft:calcite":4,"minecraft:chest":3,"minecraft:mushroom_stem":10,"minecraft:cobblestone":456,"minecraft:grindstone":2,"placeablesmod:bread_full_block":1,"minecraft:wall_torch":10,"minecraft:cauldron":1,"luminousworld:clovers_1":1,"minecraft:tnt":5,"minecraft:oak_log":75,"ecologics:azalea_log":2,"minecraft:sand":71,"minecraft:dirt":1783,"minecraft:dispenser":114,"minecraft:netherrack":143,"create:crimsite":19,"minecraft:oak_leaves":5,"alexscaves:spelunkery_table":1,"minecraft:tuff":160,"luminousworld:grassvariant_4":2,"minecraft:dark_oak_leaves":153,"minecraft:deepslate_diamond_ore":20,"luminousworld:blue_petunias":1,"born_in_chaos_v1:infected_diamond_ore":1,"torchmaster:megatorch":3,"craftingautomat:autocrafter":1,"minecraft:brown_mushroom_block":45,"luminousworld:decorative_brown_mushroom_1":1,"minecraft:spruce_leaves":22,"minecraft:hay_block":64,"minecraft:oak_trapdoor":2,"minecraft:furnace":5,"luminousworld:yellow_grassflowers":1,"minecraft:bookshelf":29,"minecraft:deepslate_iron_ore":110,"minecraft:lantern":1,"minecraft:stone":4136,"minecraft:redstone_wall_torch":38,"iceandfire:pixie_jar_empty":5,"minecraft:scaffolding":43,"born_in_chaos_v1:marigolds":2,"minecraft:infested_stone_bricks":1,"minecraft:oak_fence":1,"minecraft:crafting_table":15,"minecraft:rose_bush":2,"minecraft:lapis_ore":8,"supplementaries:urn":40,"minecraft:redstone_torch":6,"iceandfire:ash":4,"minecraft:coal_ore":200,"minecraft:stripped_acacia_wood":1,"minecraft:mossy_stone_bricks":2},"minecraft:used":{"minecraft:dispenser":22,"minecraft:ladder":38,"minecraft:chest":151,"minecraft:stone":17,"minecraft:rotten_flesh":2,"minecraft:orange_wool":1,"minecraft:lava_bucket":131,"minecraft:villager_spawn_egg":81,"securitycraft:secret_sign_item":37,"minecraft:grass_block":234,"minecraft:stone_brick_stairs":27,"supplementaries:bomb_blue":3,"minecraft:bow":525,"minecraft:furnace":8,"minecraft:egg":2,"minecraft:damaged_anvil":1,"minecraft:powered_rail":6,"create:crimsite":3,"minecraft:wooden_pickaxe":61,"minecraft:composter":5,"naturalist:duck_egg":75,"minecraft:golden_apple":4,"minecraft:stripped_mangrove_wood":1,"minecraft:glow_berries":20,"minecraft:dark_oak_trapdoor":19,"minecraft:sand":2,"minecraft:blast_furnace":2,"minecraft:lectern":10,"minecraft:diamond_sword":741,"minecraft:smithing_table":1,"minecraft:oak_boat":1,"minecraft:oak_trapdoor":34,"minecraft:carved_pumpkin":1,"minecraft:tinted_glass":920,"minecraft:stick":1,"minecraft:torch":1924,"minecraft:anvil":2,"minecraft:oak_fence_gate":242,"minecraft:iron_block":164,"alexsmobs:ghostly_pickaxe":201,"minecraft:barrel":1,"minecraft:bamboo":739,"minecraft:glowstone":15,"tombstone:gift":9,"minecraft:trapped_chest":18,"torchmaster:megatorch":271,"minecraft:pointed_dripstone":19,"minecraft:observer":20,"minecraft:cobbled_deepslate":141,"ecologics:azalea_planks":8,"minecraft:water_bucket":694,"minecraft:bundle":1,"supplementaries:sconce_lever":5,"minecraft:cauldron":18,"minecraft:fletching_table":1,"cataclysm:stone_pillar":10,"minecraft:rail":260,"minecraft:comparator":17,"minecraft:tnt":1,"minecraft:crafting_table":27,"minecraft:white_bed":21,"minecraft:campfire":25,"alexsmobs:leafcutter_ant_pupa":4,"minecraft:mud":772,"minecraft:diamond_pickaxe":5114,"minecraft:diamond_shovel":5999,"earthmobsmod:mud_bucket":15,"minecraft:iron_pickaxe":1075,"minecraft:oak_button":8,"quark:dark_oak_chest":21,"minecraft:cobblestone":803,"minecraft:purple_bed":6,"minecraft:cooked_porkchop":3,"minecraft:glass_pane":4,"minecraft:dandelion":1,"minecraft:red_sand":1,"minecraft:iron_shovel":62,"minecraft:oak_sign":41,"minecraft:shield":140,"minecraft:iron_sword":1166,"minecraft:zombie_spawn_egg":24,"minecraft:iron_chestplate":1,"minecraft:carrot":279,"minecraft:tuff":8,"eeeabsmobs:guardian_axe":201,"enchantinginfuser:advanced_enchanting_infuser":1,"minecraft:obsidian":13,"minecraft:glass":954,"born_in_chaos_v1:corpse_maggot":8,"minecraft:lantern":5,"minecraft:blue_orchid":4,"minecraft:hopper_minecart":15,"minecraft:stone_bricks":2889,"minecraft:repeater":70,"minecraft:hay_block":1,"minecraft:scaffolding":544,"luminousworld:decorative_brown_mushroom_1":1,"minecraft:dark_oak_sapling":25,"minecraft:dropper":1,"minecraft:stone_pickaxe":391,"minecraft:diamond_axe":249,"alexscaves:cave_book":1,"minecraft:mushroom_stew":14,"minecraft:stone_brick_wall":2,"minecraft:redstone_torch":40,"luminousworld:creepberries":1,"ad_astra:oil_bucket":1,"minecraft:lever":3,"minecraft:bread":77,"minecraft:deepslate":3,"minecraft:gravel":9,"minecraft:cooked_rabbit":1,"minecraft:bone_meal":27,"minecraft:experience_bottle":48,"minecraft:oak_fence":1,"minecraft:flint_and_steel":275,"minecraft:redstone":81,"cataclysm:coral_bardiche":35,"minecraft:dirt":1099,"minecraft:hopper":146,"minecraft:cobblestone_wall":235,"minecraft:granite":14,"minecraft:spruce_fence":2,"minecraft:iron_hoe":260,"minecraft:wooden_axe":61,"minecraft:stone_brick_slab":182,"minecraft:bamboo_raft":2,"minecraft:bookshelf":38,"minecraft:oak_stairs":56,"minecraft:iron_boots":1,"alexscaves:spelunkery_table":1,"minecraft:golden_carrot":8,"quark:hollow_spruce_log":1,"minecraft:minecart":2,"minecraft:stone_pressure_plate":1,"minecraft:enchanted_golden_apple":33,"minecraft:amethyst_block":7,"minecraft:cobblestone_stairs":65,"minecraft:cobblestone_slab":3180,"craftingautomat:autocrafter":3,"minecraft:piston":2,"minecraft:wooden_hoe":89,"minecraft:apple":4,"minecraft:map":1,"minecraft:stone_axe":125,"minecraft:white_banner":1,"minecraft:bucket":243,"alexsmobs:animal_dictionary":1,"minecraft:pumpkin_pie":2},"minecraft:broken":{"minecraft:iron_chestplate":1,"minecraft:iron_leggings":1,"minecraft:diamond_shovel":1,"minecraft:iron_sword":2,"minecraft:wooden_pickaxe":1,"alexsmobs:ghostly_pickaxe":1,"minecraft:iron_pickaxe":4,"minecraft:stone_pickaxe":3,"minecraft:wooden_axe":1,"minecraft:flint_and_steel":2},"minecraft:dropped":{"minecraft:iron_sword":2,"minecraft:piston":1,"minecraft:stripped_mangrove_wood":1,"minecraft:diamond":123,"minecraft:glow_berries":5,"minecraft:saddle":1,"born_in_chaos_v1:pieceofdarkmetal":2,"minecraft:rail":1,"minecraft:red_mushroom":8,"born_in_chaos_v1:monster_flesh":1,"minecraft:dirt":35,"minecraft:grass":1,"minecraft:gold_nugget":317,"minecraft:iron_pickaxe":2,"minecraft:fishing_rod":1,"luminousworld:clovers_1":3,"minecraft:bone":94,"minecraft:stone_axe":1,"minecraft:lever":1,"alexsmobs:animal_dictionary":1,"minecraft:cobbled_deepslate":16,"minecraft:tinted_glass":1,"minecraft:wheat":5,"minecraft:obsidian":1,"undead_revamp2:arapholia":6,"minecraft:rotten_flesh":119,"minecraft:oak_planks":3,"minecraft:white_bed":3,"iceandfire:crackled_gravel":4,"luminousworld:grassflowers":15,"minecraft:hopper":1,"minecraft:ladder":9,"minecraft:beef":2,"minecraft:glass":6,"minecraft:campfire":1,"born_in_chaos_v1:marigolds":4,"iceandfire:manuscript":340,"minecraft:lectern":1,"minecraft:iron_ingot":6052,"minecraft:wheat_seeds":41,"luminousworld:ishstone":26,"minecraft:oak_fence":2,"minecraft:cobblestone":80,"minecraft:apple":2,"minecraft:granite":45,"minecraft:chainmail_helmet":1,"minecraft:coal":6,"minecraft:oxeye_daisy":2,"iceandfire:copper_nugget":482,"minecraft:rose_bush":2,"minecraft:mud":1,"alexsmobs:ghostly_pickaxe":2,"minecraft:paper":10,"minecraft:iron_shovel":1,"minecraft:string":2,"minecraft:trapped_chest":1,"minecraft:stone_brick_slab":2,"minecraft:cobblestone_wall":10,"minecraft:dark_oak_sign":1,"minecraft:cocoa_beans":2,"minecraft:bowl":10,"minecraft:deepslate":1,"minecraft:clay_ball":95,"minecraft:iron_boots":2,"minecraft:oak_sign":1,"earthmobsmod:harder_flesh":4,"minecraft:diamond_sword":1,"minecraft:big_dripleaf":4,"minecraft:cobblestone_slab":8,"minecraft:stone":1,"minecraft:allium":9,"minecraft:diamond_pickaxe":2,"minecraft:redstone_torch":1,"minecraft:stone_bricks":6,"luminousworld:blue_petunias":5,"minecraft:brown_mushroom":4,"quark:glow_shroom":2,"luminousworld:yellowpetunias":2,"minecraft:baked_potato":1,"minecraft:ender_pearl":1,"luminousworld:white_petunias":3,"illagerinvasion:unusual_dust":1,"enchantinginfuser:advanced_enchanting_infuser":1,"minecraft:dark_oak_log":52,"minecraft:dispenser":1,"minecraft:cornflower":1,"minecraft:amethyst_shard":12,"iceandfire:ash":6,"minecraft:gravel":1,"minecraft:pointed_dripstone":6,"minecraft:carrot":1216,"minecraft:chainmail_chestplate":1,"minecraft:poppy":64,"supplementaries:ash":220,"minecraft:gunpowder":2,"minecraft:dropper":1,"born_in_chaos_v1:corpse_maggot":2,"minecraft:stone_brick_wall":10,"minecraft:azalea":2,"minecraft:chainmail_boots":24,"minecraft:arrow":7,"minecraft:scaffolding":1,"minecraft:written_book":1,"minecraft:netherrack":5,"minecraft:spawner":1,"minecraft:water_bucket":1,"minecraft:bread":40,"luminousworld:sunset_petunias":4,"luminousworld:white_oak_sapling":1,"minecraft:minecart":3,"minecraft:bookshelf":66,"minecraft:observer":1,"cataclysm:stone_pillar":2,"minecraft:copper_ingot":12,"minecraft:grass_block":4,"minecraft:stick":21,"minecraft:diorite":24,"minecraft:torch":10,"minecraft:repeater":1,"minecraft:iron_leggings":11,"minecraft:jungle_leaves":1,"minecraft:raw_iron_block":1,"minecraft:bucket":1,"minecraft:dandelion":12,"minecraft:redstone":5,"minecraft:oak_trapdoor":5,"minecraft:raw_copper":16,"minecraft:tuff":129,"minecraft:raw_iron":2,"minecraft:villager_spawn_egg":2,"minecraft:comparator":1,"minecraft:stripped_acacia_wood":1,"luminousworld:yellow_grassflowers":3,"minecraft:shield":1,"minecraft:oak_button":64,"minecraft:iron_chestplate":1,"luminousworld:groundpebbles_1":2,"minecraft:andesite":8,"minecraft:mossy_stone_bricks":1,"minecraft:oak_sapling":4,"luminousworld:purple_petunias":3},"minecraft:crafted":{"minecraft:purple_bed":2,"ecologics:walnut_planks":12,"minecraft:diamond_shovel":1,"craftingautomat:autocrafter":2,"sophisticatedbackpacks:copper_backpack":8,"minecraft:bamboo_raft":1,"minecraft:emerald":24,"minecraft:diamond_axe":1,"minecraft:copper_ingot":92,"minecraft:fletching_table":1,"sophisticatedbackpacks:refill_upgrade":4,"minecraft:bamboo_planks":128,"quark:oak_chest":12,"minecraft:iron_pickaxe":4,"minecraft:iron_block":1001,"minecraft:gold_ingot":136,"minecraft:golden_carrot":256,"minecraft:nautilus_shell":5,"sophisticatedbackpacks:advanced_refill_upgrade":4,"minecraft:iron_nugget":24,"minecraft:bone_meal":138,"minecraft:stone_pickaxe":3,"minecraft:spruce_sapling":8,"minecraft:dark_oak_planks":460,"minecraft:wheat":459,"sophisticatedbackpacks:gold_backpack":8,"minecraft:enchanted_book":26,"minecraft:oak_fence_gate":1,"minecraft:chainmail_boots":12,"minecraft:wooden_axe":1,"minecraft:iron_shovel":2,"minecraft:iron_leggings":11,"minecraft:oak_planks":348,"minecraft:cobblestone_slab":54,"minecraft:cobblestone_stairs":4,"minecraft:bamboo_block":64,"minecraft:hopper":7,"minecraft:iron_boots":1,"minecraft:chest":17,"minecraft:rail":64,"iceandfire:manuscript":4,"minecraft:dropper":2,"minecraft:oak_slab":6,"sophisticatedbackpacks:backpack":4,"minecraft:cauldron":18,"minecraft:crafting_table":11,"minecraft:wooden_pickaxe":1,"minecraft:hopper_minecart":4,"sophisticatedbackpacks:upgrade_base":8,"minecraft:string":28,"minecraft:iron_chestplate":1,"minecraft:purple_dye":2,"minecraft:shield":1,"sophisticatedbackpacks:diamond_backpack":10,"minecraft:stick":132,"minecraft:iron_ingot":703,"minecraft:redstone_torch":1,"minecraft:raw_iron":18,"minecraft:furnace":1,"minecraft:mushroom_stew":14,"minecraft:oak_trapdoor":6,"quark:dark_oak_chest":40,"minecraft:minecart":4,"sophisticatedbackpacks:iron_backpack":8,"minecraft:red_dye":2,"iceandfire:dragon_meal":64,"minecraft:iron_sword":2,"minecraft:bowl":8,"minecraft:stone_axe":1,"minecraft:bread":183,"minecraft:air":0,"minecraft:jungle_planks":4,"minecraft:blue_dye":1,"minecraft:gold_nugget":2030,"minecraft:torch":344,"ecologics:azalea_planks":8},"minecraft:custom":{"minecraft:interact_with_crafting_table":138,"minecraft:open_barrel":89,"minecraft:eat_cake_slice":9,"minecraft:leave_game":14,"minecraft:time_since_death":1363601,"minecraft:damage_blocked_by_shield":3475,"minecraft:play_time":1774576,"minecraft:deaths":8,"minecraft:jump":13080,"minecraft:enchant_item":12,"minecraft:interact_with_furnace":42,"minecraft:traded_with_villager":87,"minecraft:sleep_in_bed":35,"minecraft:damage_dealt":138456,"tombstone:undead_killed":209,"minecraft:interact_with_smoker":3,"minecraft:inspect_dispenser":62,"minecraft:use_cauldron":5,"minecraft:interact_with_smithing_table":3,"minecraft:inspect_dropper":2,"minecraft:interact_with_anvil":6,"minecraft:inspect_hopper":92,"minecraft:damage_dealt_absorbed":81,"minecraft:sneak_time":82671,"minecraft:interact_with_lectern":1,"minecraft:interact_with_blast_furnace":30,"minecraft:total_world_time":1774576,"tombstone:raider_killed":38,"minecraft:tune_noteblock":1,"minecraft:time_since_rest":70251,"minecraft:swim_one_cm":43103,"minecraft:fly_one_cm":7060135,"minecraft:open_chest":974,"minecraft:fall_one_cm":654134,"minecraft:animals_bred":8,"minecraft:damage_resisted":1779,"minecraft:sprint_one_cm":2142926,"minecraft:drop":569,"minecraft:talked_to_villager":162,"minecraft:walk_on_water_one_cm":145047,"tombstone:steal_effect":36,"minecraft:interact_with_loom":2,"minecraft:crouch_one_cm":213918,"tombstone:villager_killed":5,"minecraft:mob_kills":639,"minecraft:fill_cauldron":1,"minecraft:interact_with_campfire":18,"minecraft:damage_dealt_resisted":2302,"minecraft:climb_one_cm":167371,"minecraft:walk_one_cm":3472076,"minecraft:raid_win":1,"minecraft:walk_under_water_one_cm":81005,"minecraft:boat_one_cm":13885,"minecraft:raid_trigger":1,"minecraft:damage_taken":9477,"minecraft:damage_absorbed":3727,"minecraft:trigger_trapped_chest":26}},"DataVersion":3465}