{"stats":{"minecraft:picked_up":{"minecraft:birch_log":3,"luminousworld:groundpebbles_1":1,"minecraft:stick":1,"minecraft:oak_log":6,"minecraft:coal":49,"minecraft:cobblestone":12},"minecraft:mined":{"minecraft:coal_ore":49,"minecraft:oak_log":6,"minecraft:birch_log":3,"luminousworld:groundpebbles_2":1,"minecraft:stone":12,"minecraft:oak_leaves":4},"minecraft:used":{"minecraft:crafting_table":2,"minecraft:furnace":1,"minecraft:stone_pickaxe":53,"alexsmobs:animal_dictionary":1,"minecraft:wooden_pickaxe":9},"minecraft:crafted":{"minecraft:furnace":1,"minecraft:oak_planks":24,"minecraft:crafting_table":2,"minecraft:stick":4,"minecraft:wooden_pickaxe":1,"minecraft:stone_pickaxe":1},"minecraft:custom":{"minecraft:time_since_rest":4999,"minecraft:interact_with_furnace":2,"minecraft:play_time":4999,"minecraft:sprint_one_cm":31049,"minecraft:damage_taken":50,"minecraft:walk_one_cm":31991,"minecraft:jump":153,"minecraft:time_since_death":4999,"minecraft:total_world_time":4999,"minecraft:interact_with_crafting_table":3,"minecraft:fall_one_cm":5087,"minecraft:fly_one_cm":35644}},"DataVersion":3465}