{"stats":{"minecraft:killed":{"luminousworld:miner_zombie":1,"undead_revamp2:thegliter":1,"born_in_chaos_v1:diamond_termite":3,"born_in_chaos_v1:zombie_lumberjack":1,"minecraft:salmon":2,"born_in_chaos_v1:siamese_skeletonsright":1,"born_in_chaos_v1:decrepit_skeleton":2,"born_in_chaos_v1:maggot":2,"minecraft:skeleton":1,"minecraft:zombie":1,"luminousworld:dark_oak_skeleton":2,"enemyexpansion:botfly":5,"born_in_chaos_v1:siamese_skeletonsleft":1},"minecraft:picked_up":{"born_in_chaos_v1:fused_bone":2,"minecraft:birch_log":7,"born_in_chaos_v1:diamond_termite_shard":1,"luminousworld:groundpebbles_1":1,"minecraft:iron_chestplate":2,"minecraft:crafting_table":2,"minecraft:jungle_log":1,"minecraft:andesite":6,"minecraft:salmon":2,"luminousworld:ishstone":13,"minecraft:brown_mushroom":13,"minecraft:red_mushroom":16,"minecraft:tuff":9,"minecraft:oak_log":10,"minecraft:shield":1,"minecraft:lapis_lazuli":68,"minecraft:red_bed":1,"minecraft:bone":6,"minecraft:rabbit_hide":6,"minecraft:cobbled_deepslate":53,"minecraft:spruce_planks":1,"minecraft:iron_ingot":65,"minecraft:iron_boots":1,"minecraft:furnace":1,"minecraft:stick":3,"minecraft:raw_iron":7,"born_in_chaos_v1:shattered_skull":1,"minecraft:torch":5,"minecraft:dripstone_block":7,"minecraft:spruce_sapling":2,"minecraft:diorite":1,"minecraft:redstone":9,"minecraft:bundle":1,"luminousworld:decorative_brown_mushroom_1":1,"minecraft:rotten_flesh":10,"minecraft:diamond":16,"minecraft:bread":25,"supplementaries:ash":3,"minecraft:coal":81,"iceandfire:raw_silver":5,"minecraft:cobblestone":467},"minecraft:mined":{"minecraft:diamond_ore":15,"minecraft:tuff":26,"minecraft:spruce_planks":1,"iceandfire:silver_ore":5,"minecraft:red_bed":1,"minecraft:deepslate_diamond_ore":1,"born_in_chaos_v1:infected_diamond_ore":1,"minecraft:crafting_table":2,"minecraft:clay":1,"minecraft:torch":2,"minecraft:mushroom_stem":12,"minecraft:brown_mushroom_block":22,"luminousworld:decorative_brown_mushroom_1":1,"minecraft:cobblestone":50,"minecraft:spruce_leaves":8,"minecraft:lapis_ore":1,"minecraft:diorite":1,"minecraft:wall_torch":3,"supplementaries:urn":1,"minecraft:furnace":1,"minecraft:birch_log":5,"minecraft:iron_ore":8,"minecraft:andesite":6,"minecraft:deepslate_lapis_ore":10,"quark:monster_box":1,"minecraft:deepslate_iron_ore":3,"minecraft:coal_ore":61,"minecraft:oak_log":12,"luminousworld:ishstone":13,"minecraft:vine":2,"minecraft:dripstone_block":8,"luminousworld:groundpebbles_2":1,"minecraft:red_mushroom_block":41,"minecraft:stone":402,"minecraft:deepslate":55,"minecraft:oak_leaves":4,"minecraft:deepslate_redstone_ore":2},"minecraft:used":{"minecraft:diorite":1,"minecraft:stone_sword":47,"minecraft:stone_pickaxe":263,"minecraft:shield":1,"minecraft:spruce_planks":1,"minecraft:wooden_pickaxe":9,"minecraft:torch":122,"minecraft:crafting_table":6,"minecraft:mushroom_stew":9,"iceandfire:silver_pickaxe":414,"minecraft:iron_axe":8,"minecraft:bread":19,"minecraft:jungle_log":1,"minecraft:iron_helmet":1,"minecraft:iron_boots":1,"minecraft:diamond_sword":97,"minecraft:cobblestone":17,"minecraft:furnace":3,"alexsmobs:animal_dictionary":1,"minecraft:diamond_leggings":1,"luminousworld:decorative_brown_mushroom_1":1},"minecraft:broken":{"minecraft:stone_pickaxe":2},"minecraft:dropped":{"minecraft:bread":2,"born_in_chaos_v1:shattered_skull":1,"minecraft:dripstone_block":7,"minecraft:bowl":3,"minecraft:tuff":9,"minecraft:cobblestone":183,"minecraft:rotten_flesh":4,"minecraft:iron_boots":1,"minecraft:salmon":2,"quark:cobblestone_bricks":4,"luminousworld:groundpebbles_1":1,"minecraft:spruce_sapling":2},"minecraft:crafted":{"minecraft:oak_planks":32,"minecraft:diamond_sword":1,"iceandfire:silver_ingot":5,"minecraft:crafting_table":4,"minecraft:wooden_pickaxe":1,"minecraft:iron_helmet":1,"minecraft:bowl":4,"minecraft:furnace":2,"minecraft:mushroom_stew":10,"minecraft:birch_planks":16,"minecraft:diamond_leggings":1,"minecraft:iron_boots":1,"minecraft:charcoal":1,"minecraft:iron_axe":1,"quark:cobblestone_bricks":4,"minecraft:stick":52,"minecraft:stone_pickaxe":2,"minecraft:stone_sword":1,"minecraft:torch":156,"iceandfire:silver_pickaxe":1},"minecraft:custom":{"minecraft:interact_with_furnace":9,"minecraft:mob_kills":23,"minecraft:interact_with_crafting_table":17,"minecraft:open_barrel":1,"minecraft:time_since_death":58999,"minecraft:climb_one_cm":192,"minecraft:time_since_rest":58999,"minecraft:sprint_one_cm":138281,"minecraft:damage_taken":1592,"minecraft:walk_one_cm":274201,"minecraft:damage_blocked_by_shield":25,"minecraft:drop":19,"minecraft:damage_dealt":4427,"minecraft:swim_one_cm":17652,"minecraft:fly_one_cm":94425,"minecraft:open_chest":1,"minecraft:play_time":58999,"tombstone:undead_killed":11,"minecraft:sneak_time":96,"minecraft:walk_under_water_one_cm":8419,"minecraft:jump":1066,"minecraft:walk_on_water_one_cm":5424,"minecraft:total_world_time":58999,"minecraft:fall_one_cm":39294}},"DataVersion":3465}