{"stats":{"minecraft:killed":{"luminousworld:miner_zombie":1,"minecraft:witch":1,"born_in_chaos_v1:zombie_lumberjack":1,"undead_revamp2:thegliter":1,"enemyexpansion:direwolf":1,"born_in_chaos_v1:siamese_skeletonsright":1,"born_in_chaos_v1:maggot":2,"minecraft:skeleton":2,"luminousworld:dark_oak_skeleton":6,"minecraft:chicken":1,"undead_revamp2:thebidy":2,"born_in_chaos_v1:diamond_termite":3,"minecraft:salmon":2,"undead_revamp2:the_moonflower":2,"born_in_chaos_v1:decrepit_skeleton":2,"alexsmobs:catfish":1,"minecraft:pillager":2,"minecraft:zombie":1,"alexsmobs:terrapin":1,"born_in_chaos_v1:corpse_fly":8,"enemyexpansion:botfly":5,"luminousworld:dark_oak_zombie":3,"born_in_chaos_v1:siamese_skeletonsleft":1},"minecraft:picked_up":{"minecraft:crafting_table":2,"minecraft:iron_chestplate":2,"luminousworld:groundpebbles_1":2,"born_in_chaos_v1:diamond_termite_shard":1,"minecraft:chicken":1,"minecraft:clay_ball":44,"minecraft:brown_mushroom":13,"minecraft:shield":1,"minecraft:red_bed":2,"minecraft:cobbled_deepslate":53,"minecraft:dark_oak_leaves":31,"minecraft:spruce_planks":1,"minecraft:egg":1,"minecraft:iron_boots":1,"minecraft:furnace":1,"minecraft:dark_oak_sapling":1,"minecraft:raw_iron":11,"minecraft:stick":9,"born_in_chaos_v1:shattered_skull":1,"minecraft:torch":7,"tombstone:grave_dust":3,"minecraft:diorite":1,"minecraft:redstone":9,"luminousworld:decorative_brown_mushroom_1":2,"minecraft:rotten_flesh":18,"minecraft:arrow":1,"supplementaries:ash":3,"minecraft:cobblestone":498,"born_in_chaos_v1:fused_bone":2,"minecraft:birch_log":7,"born_in_chaos_v1:corpse_maggot":8,"minecraft:magma_block":1,"minecraft:feather":1,"minecraft:golden_carrot":64,"minecraft:salmon":2,"minecraft:andesite":7,"minecraft:jungle_log":1,"luminousworld:ishstone":13,"minecraft:red_mushroom":16,"minecraft:tuff":9,"minecraft:oak_log":12,"minecraft:lapis_lazuli":68,"minecraft:dirt":120,"minecraft:white_banner":3,"minecraft:bone":6,"undead_revamp2:blacpetalblock":1,"minecraft:wheat_seeds":5,"minecraft:rabbit_hide":6,"minecraft:iron_ingot":65,"minecraft:glass_bottle":2,"minecraft:iron_sword":1,"minecraft:oak_planks":1,"luminousworld:clovers_1":1,"minecraft:dripstone_block":7,"minecraft:sand":8,"minecraft:spruce_sapling":2,"minecraft:dark_oak_log":40,"minecraft:bundle":2,"alexsmobs:raw_catfish":3,"minecraft:purple_bed":1,"minecraft:diamond":16,"minecraft:bread":25,"minecraft:oak_sapling":5,"minecraft:coal":84,"minecraft:oak_leaves":26,"iceandfire:raw_silver":12},"minecraft:killed_by":{"minecraft:player":1,"undead_revamp2:clogger":1},"minecraft:mined":{"minecraft:diamond_ore":15,"minecraft:tuff":26,"minecraft:spruce_planks":1,"iceandfire:silver_ore":12,"minecraft:dark_oak_leaves":42,"minecraft:deepslate_diamond_ore":1,"minecraft:dark_oak_log":19,"born_in_chaos_v1:infected_diamond_ore":1,"minecraft:grass_block":49,"luminousworld:clovers_4":1,"luminousworld:grassvariant_2":15,"minecraft:brown_mushroom_block":22,"luminousworld:decorative_brown_mushroom_1":2,"minecraft:spruce_leaves":8,"minecraft:magma_block":1,"minecraft:furnace":1,"minecraft:iron_ore":12,"minecraft:andesite":7,"minecraft:deepslate_lapis_ore":10,"minecraft:deepslate_iron_ore":3,"minecraft:vine":2,"luminousworld:groundpebbles_2":1,"luminousworld:clovers_3":1,"minecraft:stone":448,"minecraft:deepslate_redstone_ore":2,"minecraft:red_bed":2,"minecraft:clay":12,"minecraft:crafting_table":2,"minecraft:torch":4,"minecraft:mushroom_stem":12,"minecraft:cobblestone":50,"minecraft:lapis_ore":1,"minecraft:oak_planks":1,"minecraft:diorite":1,"minecraft:wall_torch":3,"supplementaries:urn":1,"minecraft:purple_bed":1,"minecraft:birch_log":5,"minecraft:white_wall_banner":2,"minecraft:grass":35,"minecraft:oak_log":12,"minecraft:coal_ore":64,"luminousworld:ishstone":13,"quark:monster_box":1,"minecraft:sand":8,"minecraft:dripstone_block":12,"minecraft:dirt":56,"luminousworld:grassvariant_3":5,"minecraft:red_mushroom_block":41,"minecraft:oak_leaves":72,"minecraft:deepslate":55},"minecraft:used":{"minecraft:stone_sword":47,"minecraft:iron_shovel":104,"undead_revamp2:blacpetalblock":1,"minecraft:spruce_planks":1,"minecraft:shield":7,"minecraft:rotten_flesh":7,"minecraft:torch":163,"minecraft:dirt":120,"minecraft:glass":8,"minecraft:iron_hoe":24,"minecraft:dark_oak_planks":4,"minecraft:bricks":5,"minecraft:iron_axe":8,"minecraft:jungle_log":1,"minecraft:dark_oak_leaves":31,"minecraft:iron_helmet":1,"minecraft:iron_boots":1,"minecraft:magma_block":1,"minecraft:furnace":5,"minecraft:oak_sapling":4,"tombstone:gift":3,"minecraft:egg":1,"luminousworld:clovers_1":1,"luminousworld:decorative_brown_mushroom_1":2,"minecraft:wheat_seeds":5,"minecraft:diorite":1,"minecraft:stone_pickaxe":263,"minecraft:oak_planks":3,"minecraft:wooden_pickaxe":9,"luminousworld:ishstone":13,"minecraft:diamond_axe":57,"minecraft:oak_leaves":23,"minecraft:crafting_table":8,"minecraft:red_bed":1,"minecraft:mushroom_stew":12,"minecraft:shears":59,"iceandfire:silver_pickaxe":461,"minecraft:diamond_pickaxe":20,"minecraft:dark_oak_log":7,"minecraft:bread":23,"minecraft:diamond_sword":247,"quark:dark_oak_chest":2,"minecraft:cobblestone":17,"minecraft:purple_bed":1,"minecraft:white_banner":3,"minecraft:andesite":2,"alexsmobs:animal_dictionary":1,"minecraft:diamond_leggings":1},"minecraft:broken":{"iceandfire:silver_pickaxe":1,"minecraft:stone_pickaxe":2},"minecraft:dropped":{"minecraft:bread":2,"born_in_chaos_v1:shattered_skull":1,"minecraft:dark_oak_sapling":2,"minecraft:dripstone_block":7,"minecraft:cobblestone":260,"quark:cobblestone_bricks":4,"born_in_chaos_v1:fused_bone":2,"minecraft:spruce_sapling":2,"minecraft:bowl":3,"minecraft:tuff":9,"minecraft:rotten_flesh":11,"minecraft:iron_boots":1,"minecraft:salmon":2,"minecraft:rabbit_hide":6,"luminousworld:groundpebbles_1":2,"born_in_chaos_v1:corpse_maggot":1,"minecraft:oak_sapling":1},"minecraft:crafted":{"minecraft:brick":30,"minecraft:oak_planks":40,"minecraft:cooked_chicken":1,"minecraft:furnace":4,"minecraft:mushroom_stew":12,"quark:dark_oak_chest":2,"minecraft:glass":8,"minecraft:iron_boots":1,"minecraft:diamond_leggings":1,"minecraft:iron_axe":1,"minecraft:iron_hoe":1,"quark:cobblestone_bricks":4,"minecraft:stone_pickaxe":2,"alexsmobs:cooked_catfish":3,"minecraft:bricks":7,"minecraft:dark_oak_planks":44,"minecraft:diamond_sword":1,"iceandfire:silver_ingot":12,"minecraft:crafting_table":6,"minecraft:wooden_pickaxe":1,"minecraft:iron_helmet":1,"minecraft:bowl":4,"minecraft:birch_planks":16,"minecraft:charcoal":1,"minecraft:diamond_pickaxe":1,"minecraft:stick":60,"minecraft:iron_ingot":10,"minecraft:stone_sword":1,"minecraft:iron_shovel":1,"minecraft:torch":172,"iceandfire:silver_pickaxe":1,"minecraft:shears":1},"minecraft:custom":{"minecraft:mob_kills":52,"minecraft:interact_with_crafting_table":26,"minecraft:open_barrel":1,"minecraft:time_since_death":7853,"minecraft:climb_one_cm":296,"minecraft:sprint_one_cm":302030,"minecraft:walk_one_cm":545866,"minecraft:damage_blocked_by_shield":200,"minecraft:drop":34,"minecraft:deaths":3,"minecraft:play_time":118999,"minecraft:sneak_time":210,"minecraft:walk_under_water_one_cm":21158,"minecraft:jump":1826,"minecraft:walk_on_water_one_cm":26084,"minecraft:total_world_time":118999,"minecraft:interact_with_furnace":29,"tombstone:raider_killed":3,"minecraft:sleep_in_bed":2,"minecraft:time_since_rest":7661,"minecraft:damage_taken":2756,"minecraft:damage_dealt":10230,"minecraft:swim_one_cm":19990,"minecraft:fly_one_cm":207589,"minecraft:open_chest":16,"minecraft:crouch_one_cm":52,"tombstone:undead_killed":23,"minecraft:fall_one_cm":50269}},"DataVersion":3465}