{"stats":{"minecraft:killed":{"luminousworld:dark_oak_skeleton":2},"minecraft:picked_up":{"minecraft:birch_log":5,"minecraft:crafting_table":2,"luminousworld:groundpebbles_1":1,"minecraft:stick":1,"minecraft:raw_iron":1,"minecraft:andesite":5,"luminousworld:ishstone":12,"minecraft:brown_mushroom":13,"minecraft:torch":2,"minecraft:red_mushroom":11,"minecraft:oak_log":6,"minecraft:lapis_lazuli":4,"luminousworld:decorative_brown_mushroom_1":1,"minecraft:coal":49,"iceandfire:raw_silver":5,"minecraft:cobblestone":361,"minecraft:furnace":1},"minecraft:mined":{"minecraft:furnace":1,"iceandfire:silver_ore":5,"minecraft:iron_ore":1,"minecraft:birch_log":3,"minecraft:andesite":5,"minecraft:clay":1,"minecraft:crafting_table":2,"minecraft:torch":2,"luminousworld:ishstone":12,"minecraft:oak_log":6,"minecraft:coal_ore":49,"minecraft:mushroom_stem":12,"minecraft:brown_mushroom_block":22,"luminousworld:decorative_brown_mushroom_1":1,"luminousworld:groundpebbles_2":1,"minecraft:red_mushroom_block":30,"minecraft:lapis_ore":1,"minecraft:stone":382,"minecraft:oak_leaves":4},"minecraft:used":{"iceandfire:silver_pickaxe":189,"minecraft:stone_sword":32,"minecraft:stone_pickaxe":263,"minecraft:wooden_pickaxe":9,"minecraft:torch":18,"minecraft:mushroom_stew":5,"minecraft:crafting_table":4,"minecraft:furnace":2,"alexsmobs:animal_dictionary":1,"luminousworld:decorative_brown_mushroom_1":1},"minecraft:broken":{"minecraft:stone_pickaxe":2},"minecraft:crafted":{"minecraft:oak_planks":24,"minecraft:charcoal":1,"iceandfire:silver_ingot":5,"minecraft:crafting_table":3,"minecraft:stick":12,"minecraft:wooden_pickaxe":1,"minecraft:stone_pickaxe":2,"minecraft:stone_sword":1,"minecraft:bowl":4,"minecraft:furnace":1,"minecraft:mushroom_stew":7,"minecraft:torch":16,"iceandfire:silver_pickaxe":1},"minecraft:custom":{"minecraft:time_since_rest":22999,"minecraft:interact_with_furnace":8,"minecraft:sprint_one_cm":53572,"minecraft:damage_taken":330,"minecraft:walk_one_cm":122985,"minecraft:mob_kills":2,"minecraft:damage_dealt":500,"minecraft:swim_one_cm":9703,"minecraft:interact_with_crafting_table":8,"minecraft:fly_one_cm":47849,"minecraft:play_time":22999,"tombstone:undead_killed":2,"minecraft:sneak_time":27,"minecraft:walk_under_water_one_cm":5674,"minecraft:jump":432,"minecraft:time_since_death":22999,"minecraft:walk_on_water_one_cm":2217,"minecraft:total_world_time":22999,"minecraft:fall_one_cm":7821}},"DataVersion":3465}