{"stats":{"minecraft:killed":{"luminousworld:miner_zombie":1,"born_in_chaos_v1:zombie_lumberjack":1,"undead_revamp2:thegliter":1,"enemyexpansion:direwolf":1,"born_in_chaos_v1:siamese_skeletonsright":1,"born_in_chaos_v1:maggot":2,"minecraft:skeleton":2,"luminousworld:dark_oak_skeleton":2,"born_in_chaos_v1:diamond_termite":3,"minecraft:salmon":2,"undead_revamp2:the_moonflower":2,"born_in_chaos_v1:decrepit_skeleton":2,"minecraft:zombie":1,"enemyexpansion:botfly":5,"born_in_chaos_v1:siamese_skeletonsleft":1},"minecraft:picked_up":{"minecraft:crafting_table":2,"minecraft:iron_chestplate":2,"luminousworld:groundpebbles_1":1,"born_in_chaos_v1:diamond_termite_shard":1,"minecraft:brown_mushroom":13,"minecraft:shield":1,"minecraft:red_bed":1,"minecraft:cobbled_deepslate":53,"minecraft:spruce_planks":1,"minecraft:iron_boots":1,"minecraft:furnace":1,"minecraft:raw_iron":11,"minecraft:stick":4,"born_in_chaos_v1:shattered_skull":1,"minecraft:torch":6,"tombstone:grave_dust":2,"minecraft:diorite":1,"minecraft:redstone":9,"luminousworld:decorative_brown_mushroom_1":1,"minecraft:rotten_flesh":15,"minecraft:arrow":1,"supplementaries:ash":3,"minecraft:cobblestone":497,"born_in_chaos_v1:fused_bone":2,"minecraft:birch_log":7,"minecraft:magma_block":1,"minecraft:salmon":2,"minecraft:andesite":7,"minecraft:jungle_log":1,"luminousworld:ishstone":13,"minecraft:red_mushroom":16,"minecraft:tuff":9,"minecraft:oak_log":10,"minecraft:lapis_lazuli":68,"minecraft:bone":6,"undead_revamp2:blacpetalblock":1,"minecraft:rabbit_hide":6,"minecraft:iron_ingot":65,"minecraft:dripstone_block":7,"minecraft:spruce_sapling":2,"minecraft:dark_oak_log":8,"minecraft:bundle":1,"minecraft:diamond":16,"minecraft:bread":25,"minecraft:oak_sapling":4,"minecraft:coal":83,"iceandfire:raw_silver":12},"minecraft:mined":{"minecraft:diamond_ore":15,"minecraft:tuff":26,"minecraft:spruce_planks":1,"iceandfire:silver_ore":12,"minecraft:deepslate_diamond_ore":1,"minecraft:dark_oak_log":8,"born_in_chaos_v1:infected_diamond_ore":1,"minecraft:grass_block":3,"luminousworld:grassvariant_2":1,"minecraft:brown_mushroom_block":22,"luminousworld:decorative_brown_mushroom_1":1,"minecraft:spruce_leaves":8,"minecraft:magma_block":1,"minecraft:furnace":1,"minecraft:iron_ore":12,"minecraft:andesite":7,"minecraft:deepslate_lapis_ore":10,"minecraft:deepslate_iron_ore":3,"minecraft:vine":2,"luminousworld:groundpebbles_2":1,"luminousworld:clovers_3":1,"minecraft:stone":447,"minecraft:deepslate_redstone_ore":2,"minecraft:red_bed":1,"minecraft:clay":1,"minecraft:crafting_table":2,"minecraft:torch":3,"minecraft:mushroom_stem":12,"minecraft:cobblestone":50,"minecraft:lapis_ore":1,"minecraft:diorite":1,"minecraft:wall_torch":3,"supplementaries:urn":1,"minecraft:birch_log":5,"minecraft:grass":1,"minecraft:oak_log":12,"minecraft:coal_ore":63,"luminousworld:ishstone":13,"quark:monster_box":1,"minecraft:dripstone_block":12,"minecraft:dirt":10,"minecraft:red_mushroom_block":41,"minecraft:oak_leaves":23,"minecraft:deepslate":55},"minecraft:used":{"minecraft:stone_sword":47,"undead_revamp2:blacpetalblock":1,"minecraft:spruce_planks":1,"minecraft:shield":3,"minecraft:torch":144,"minecraft:iron_axe":8,"minecraft:jungle_log":1,"minecraft:iron_helmet":1,"minecraft:iron_boots":1,"minecraft:furnace":3,"minecraft:oak_sapling":1,"tombstone:gift":2,"luminousworld:decorative_brown_mushroom_1":1,"minecraft:diorite":1,"minecraft:stone_pickaxe":263,"minecraft:oak_planks":2,"minecraft:wooden_pickaxe":9,"luminousworld:ishstone":9,"minecraft:diamond_axe":24,"minecraft:crafting_table":8,"minecraft:red_bed":1,"minecraft:mushroom_stew":9,"iceandfire:silver_pickaxe":461,"minecraft:diamond_pickaxe":18,"minecraft:bread":23,"minecraft:diamond_sword":136,"minecraft:cobblestone":17,"alexsmobs:animal_dictionary":1,"minecraft:diamond_leggings":1},"minecraft:broken":{"iceandfire:silver_pickaxe":1,"minecraft:stone_pickaxe":2},"minecraft:dropped":{"minecraft:bread":2,"born_in_chaos_v1:shattered_skull":1,"minecraft:dripstone_block":7,"minecraft:cobblestone":260,"quark:cobblestone_bricks":4,"born_in_chaos_v1:fused_bone":2,"minecraft:spruce_sapling":2,"minecraft:bowl":3,"minecraft:tuff":9,"minecraft:rotten_flesh":4,"minecraft:iron_boots":1,"minecraft:salmon":2,"minecraft:rabbit_hide":6,"luminousworld:groundpebbles_1":1,"minecraft:oak_sapling":1},"minecraft:crafted":{"minecraft:oak_planks":40,"minecraft:furnace":2,"minecraft:mushroom_stew":10,"minecraft:iron_boots":1,"minecraft:diamond_leggings":1,"minecraft:iron_axe":1,"quark:cobblestone_bricks":4,"minecraft:stone_pickaxe":2,"minecraft:dark_oak_planks":4,"minecraft:diamond_sword":1,"iceandfire:silver_ingot":5,"minecraft:crafting_table":6,"minecraft:wooden_pickaxe":1,"minecraft:iron_helmet":1,"minecraft:bowl":4,"minecraft:birch_planks":16,"minecraft:charcoal":1,"minecraft:diamond_pickaxe":1,"minecraft:stick":56,"minecraft:stone_sword":1,"minecraft:torch":172,"iceandfire:silver_pickaxe":1},"minecraft:custom":{"minecraft:mob_kills":29,"minecraft:interact_with_crafting_table":18,"minecraft:open_barrel":1,"minecraft:time_since_death":545,"minecraft:climb_one_cm":296,"minecraft:sprint_one_cm":162051,"minecraft:walk_one_cm":324343,"minecraft:damage_blocked_by_shield":85,"minecraft:drop":24,"minecraft:deaths":1,"minecraft:play_time":70999,"minecraft:sneak_time":96,"minecraft:walk_under_water_one_cm":9055,"minecraft:jump":1258,"minecraft:walk_on_water_one_cm":5741,"minecraft:total_world_time":70999,"minecraft:interact_with_furnace":9,"minecraft:time_since_rest":435,"minecraft:damage_taken":1956,"minecraft:damage_dealt":5875,"minecraft:swim_one_cm":17652,"minecraft:fly_one_cm":105225,"minecraft:open_chest":2,"tombstone:undead_killed":14,"minecraft:fall_one_cm":41179}},"DataVersion":3465}