{"stats":{"minecraft:killed":{"minecraft:salmon":2,"luminousworld:dark_oak_skeleton":2},"minecraft:picked_up":{"minecraft:birch_log":7,"luminousworld:groundpebbles_1":1,"minecraft:iron_chestplate":1,"minecraft:crafting_table":2,"minecraft:andesite":6,"minecraft:salmon":2,"luminousworld:ishstone":13,"minecraft:brown_mushroom":13,"minecraft:red_mushroom":16,"minecraft:oak_log":9,"minecraft:shield":1,"minecraft:lapis_lazuli":4,"minecraft:spruce_planks":1,"minecraft:iron_ingot":64,"minecraft:furnace":1,"minecraft:stick":1,"minecraft:raw_iron":2,"minecraft:torch":2,"minecraft:spruce_sapling":1,"minecraft:diorite":1,"luminousworld:decorative_brown_mushroom_1":1,"minecraft:rotten_flesh":3,"minecraft:diamond":15,"minecraft:bread":25,"supplementaries:ash":1,"minecraft:coal":61,"iceandfire:raw_silver":5,"minecraft:cobblestone":380},"minecraft:mined":{"minecraft:diamond_ore":15,"minecraft:spruce_planks":1,"iceandfire:silver_ore":5,"minecraft:crafting_table":2,"minecraft:clay":1,"minecraft:torch":2,"minecraft:mushroom_stem":12,"minecraft:brown_mushroom_block":22,"luminousworld:decorative_brown_mushroom_1":1,"minecraft:cobblestone":22,"minecraft:spruce_leaves":7,"minecraft:lapis_ore":1,"minecraft:diorite":1,"minecraft:furnace":1,"minecraft:birch_log":5,"minecraft:iron_ore":6,"minecraft:andesite":6,"minecraft:coal_ore":61,"minecraft:oak_log":11,"luminousworld:ishstone":13,"minecraft:vine":2,"luminousworld:groundpebbles_2":1,"minecraft:red_mushroom_block":41,"minecraft:stone":386,"minecraft:oak_leaves":4},"minecraft:used":{"minecraft:diorite":1,"minecraft:stone_sword":47,"minecraft:stone_pickaxe":263,"minecraft:spruce_planks":1,"minecraft:wooden_pickaxe":9,"minecraft:torch":40,"minecraft:crafting_table":6,"minecraft:mushroom_stew":9,"iceandfire:silver_pickaxe":260,"minecraft:iron_axe":7,"minecraft:iron_helmet":1,"minecraft:iron_boots":1,"minecraft:furnace":3,"alexsmobs:animal_dictionary":1,"minecraft:diamond_leggings":1,"luminousworld:decorative_brown_mushroom_1":1},"minecraft:broken":{"minecraft:stone_pickaxe":2},"minecraft:dropped":{"minecraft:bowl":3,"luminousworld:groundpebbles_1":1},"minecraft:crafted":{"minecraft:oak_planks":24,"minecraft:diamond_sword":1,"iceandfire:silver_ingot":5,"minecraft:crafting_table":4,"minecraft:wooden_pickaxe":1,"minecraft:iron_helmet":1,"minecraft:bowl":4,"minecraft:furnace":2,"minecraft:mushroom_stew":10,"minecraft:birch_planks":16,"minecraft:diamond_leggings":1,"minecraft:iron_boots":1,"minecraft:charcoal":1,"minecraft:iron_axe":1,"quark:cobblestone_bricks":4,"minecraft:stick":24,"minecraft:stone_pickaxe":2,"minecraft:stone_sword":1,"minecraft:torch":48,"iceandfire:silver_pickaxe":1},"minecraft:custom":{"minecraft:interact_with_furnace":9,"minecraft:mob_kills":4,"minecraft:interact_with_crafting_table":17,"minecraft:time_since_death":34999,"minecraft:climb_one_cm":40,"minecraft:time_since_rest":34999,"minecraft:sprint_one_cm":93912,"minecraft:damage_taken":550,"minecraft:walk_one_cm":175007,"minecraft:drop":4,"minecraft:damage_dealt":638,"minecraft:swim_one_cm":17652,"minecraft:fly_one_cm":77427,"minecraft:play_time":34999,"tombstone:undead_killed":2,"minecraft:sneak_time":42,"minecraft:walk_under_water_one_cm":8419,"minecraft:jump":636,"minecraft:walk_on_water_one_cm":5241,"minecraft:total_world_time":34999,"minecraft:fall_one_cm":16835}},"DataVersion":3465}