{"stats":{"minecraft:killed":{"luminousworld:dark_oak_skeleton":1},"minecraft:picked_up":{"minecraft:birch_log":5,"minecraft:crafting_table":1,"luminousworld:groundpebbles_1":1,"minecraft:stick":1,"minecraft:raw_iron":1,"minecraft:andesite":5,"luminousworld:ishstone":12,"minecraft:brown_mushroom":13,"minecraft:red_mushroom":11,"minecraft:oak_log":6,"luminousworld:decorative_brown_mushroom_1":1,"minecraft:coal":49,"iceandfire:raw_silver":5,"minecraft:cobblestone":172,"minecraft:furnace":1},"minecraft:mined":{"minecraft:furnace":1,"iceandfire:silver_ore":5,"minecraft:iron_ore":1,"minecraft:birch_log":3,"minecraft:andesite":5,"minecraft:crafting_table":1,"luminousworld:ishstone":12,"minecraft:oak_log":6,"minecraft:coal_ore":49,"minecraft:mushroom_stem":12,"minecraft:brown_mushroom_block":22,"luminousworld:decorative_brown_mushroom_1":1,"luminousworld:groundpebbles_2":1,"minecraft:red_mushroom_block":30,"minecraft:stone":183,"minecraft:oak_leaves":4},"minecraft:used":{"minecraft:stone_sword":23,"minecraft:stone_pickaxe":249,"minecraft:wooden_pickaxe":9,"minecraft:torch":15,"minecraft:mushroom_stew":3,"minecraft:crafting_table":4,"minecraft:furnace":1,"alexsmobs:animal_dictionary":1,"luminousworld:decorative_brown_mushroom_1":1},"minecraft:broken":{"minecraft:stone_pickaxe":1},"minecraft:crafted":{"minecraft:oak_planks":24,"minecraft:charcoal":1,"minecraft:crafting_table":3,"minecraft:stick":12,"minecraft:wooden_pickaxe":1,"minecraft:stone_pickaxe":2,"minecraft:stone_sword":1,"minecraft:bowl":4,"minecraft:furnace":1,"minecraft:mushroom_stew":7,"minecraft:torch":16},"minecraft:custom":{"minecraft:time_since_rest":16999,"minecraft:interact_with_furnace":4,"minecraft:sprint_one_cm":46204,"minecraft:damage_taken":165,"minecraft:walk_one_cm":86890,"minecraft:mob_kills":1,"minecraft:damage_dealt":250,"minecraft:swim_one_cm":855,"minecraft:interact_with_crafting_table":7,"minecraft:fly_one_cm":42416,"minecraft:play_time":16999,"tombstone:undead_killed":1,"minecraft:sneak_time":13,"minecraft:walk_under_water_one_cm":4605,"minecraft:jump":304,"minecraft:time_since_death":16999,"minecraft:walk_on_water_one_cm":1510,"minecraft:total_world_time":16999,"minecraft:fall_one_cm":6953}},"DataVersion":3465}